,,"Clinton, Hillary R.","Johnson, Gary","Stein, Jill","Trump, Donald J.","Castle, Darrell L. ","Fox, Cherunda L. ","Kotlikoff, Laurence J. ","McMullin, David Evan ",BLANK,TBC
CTY,Town,Democrat,Libertarian,Green Independent,Republican,Unenrolled,Unenrolled,Unenrolled,Unenrolled,,
AND,AUBURN,"5,296",737,207,"5,325",4,0,0,39,378,"11,986"
AND,DURHAM,"1,084",147,43,"1,266",0,0,0,0,71,"2,611"
AND,GREENE,810,150,26,"1,542",0,0,0,0,69,"2,597"
AND,LEEDS,414,75,17,751,2,0,0,8,32,"1,299"
AND,LEWISTON,"8,222",944,236,"7,336",4,0,1,49,465,"17,257"
AND,LISBON,"1,697",281,83,"2,749",3,0,0,14,119,"4,946"
AND,LIVERMORE,471,64,22,704,0,0,0,28,50,"1,339"
AND,LIVERMORE FALLS,550,114,43,728,0,0,0,0,51,"1,486"
AND,MECHANIC FALLS,515,117,24,871,0,0,0,5,54,"1,586"
AND,MINOT,539,100,22,981,0,0,0,7,34,"1,683"
AND,POLAND,"1,244",199,58,"1,685",0,0,0,7,91,"3,284"
AND,SABATTUS,865,152,50,"1,701",0,0,0,0,82,"2,850"
AND,TURNER,"1,083",149,46,"2,010",3,0,0,9,83,"3,383"
AND,WALES,219,64,6,578,3,0,0,3,18,891
,Total:,"23,009","3,293",883,"28,227",19,0,1,169,"1,597","57,198"
ARO,ALLAGASH,69,3,2,85,1,0,0,0,9,169
ARO,AMITY,29,4,2,82,2,0,0,0,5,124
ARO,ASHLAND,208,40,11,347,0,0,0,0,22,628
ARO,BIG TWENTY TWP/T15 R15 WELS                                                                                                                           ,0,0,0,2,0,0,0,0,0,2
ARO,BLAINE,94,13,2,283,1,0,0,1,5,399
ARO,BRIDGEWATER,85,17,5,202,0,0,0,0,4,313
ARO,CARIBOU,"1,595",213,45,"2,106",1,0,0,17,112,"4,089"
ARO,CARY PLT,24,6,1,81,0,0,0,0,6,118
ARO,CASTLE HILL,85,11,3,123,0,0,0,0,12,234
ARO,CASWELL,73,6,4,58,0,0,0,0,8,149
ARO,CHAPMAN,99,15,5,156,0,0,0,4,0,279
ARO,CROSS LAKE TWP (T17 R5),53,9,2,55,0,0,0,0,2,121
ARO,CRYSTAL,33,8,3,102,0,0,0,0,3,149
ARO,CYR PLT,22,1,0,28,0,0,0,0,2,53
ARO,DYER BROOK,38,9,4,96,0,0,0,0,3,150
ARO,E TWP                                                                                                                                                 ,5,1,1,28,0,0,0,0,0,35
ARO,EAGLE LAKE,218,16,3,231,0,0,0,0,15,483
ARO,EASTON,217,28,15,408,0,0,0,1,20,689
ARO,FORT FAIRFIELD,659,70,13,888,1,0,0,17,56,"1,704"
ARO,FORT KENT,986,95,30,997,2,0,0,2,75,"2,187"
ARO,FRENCHVILLE,264,22,8,312,0,0,0,2,18,626
ARO,GARFIELD PLT,14,4,1,31,0,0,0,0,3,53
ARO,GLENWOOD PLT,0,0,0,2,0,0,0,0,0,2
ARO,GRAND ISLE,122,4,4,93,0,0,0,0,10,233
ARO,HAMLIN,48,0,1,52,0,0,0,0,3,104
ARO,HAMMOND,8,3,1,37,0,0,0,0,1,50
ARO,HAYNESVILLE,11,2,1,33,0,0,0,2,1,50
ARO,HERSEY,4,5,0,23,0,0,0,2,0,34
ARO,HODGDON,148,22,6,499,0,0,0,3,12,690
ARO,HOULTON,940,134,36,"1,573",2,0,0,7,80,"2,772"
ARO,ISLAND FALLS,123,16,11,249,0,0,0,0,20,419
ARO,LIMESTONE,325,37,15,410,0,0,0,2,23,812
ARO,LINNEUS,88,17,3,358,0,0,0,0,16,482
ARO,LITTLETON,112,19,7,356,0,0,0,0,15,509
ARO,LUDLOW,65,19,4,140,0,0,0,0,6,234
ARO,MACWAHOC PLT,14,2,0,27,1,0,0,0,0,44
ARO,MADAWASKA,"1,178",94,36,845,0,0,0,1,92,"2,246"
ARO,MADAWASKA LAKE TWP (T16 R4),57,1,1,47,0,0,0,0,2,108
ARO,MAPLETON,359,57,13,693,1,0,0,1,31,"1,155"
ARO,MARS HILL,193,28,8,518,0,0,0,4,31,782
ARO,MASARDIS,44,3,2,79,0,0,0,0,2,130
ARO,MERRILL,37,11,3,82,0,0,0,0,4,137
ARO,MOLUNKUS TWP                                                                                                                                          ,19,0,0,29,0,0,0,0,0,48
ARO,MONTICELLO,96,8,6,296,0,0,0,2,17,425
ARO,MORO PLT,1,0,0,25,0,0,0,1,0,27
ARO,NASHVILLE PLT,7,1,0,12,0,0,0,0,0,20
ARO,NEW CANADA,68,4,4,85,0,0,0,0,3,164
ARO,NEW LIMERICK,97,11,2,224,0,0,0,0,13,347
ARO,NEW SWEDEN,147,24,8,185,0,0,0,2,11,377
ARO,OAKFIELD,102,16,7,254,0,0,0,2,11,392
ARO,ORIENT,13,1,1,69,0,0,0,0,5,89
ARO,OXBOW PLT,10,1,1,25,0,0,0,0,1,38
ARO,PERHAM,60,9,7,119,0,0,0,0,12,207
ARO,PORTAGE LAKE,88,6,3,153,0,0,0,0,10,260
ARO,PRESQUE ISLE,"1,779",281,78,"2,102",0,0,0,27,158,"4,425"
ARO,REED PLT,14,0,3,61,0,0,0,0,1,79
ARO,SAINT AGATHA,258,28,6,279,0,0,0,1,14,586
ARO,SAINT FRANCIS,127,10,3,96,0,0,0,1,9,246
ARO,SAINT JOHN PLT,58,9,3,92,0,0,0,0,5,167
ARO,SHERMAN,141,20,6,467,0,0,0,0,13,647
ARO,SMYRNA,38,4,4,99,0,0,0,0,8,153
ARO,STOCKHOLM,67,7,25,53,0,0,0,0,5,157
ARO,T11 R4 WELS TWP                                                                                                                                       ,7,0,1,15,0,0,0,0,1,24
ARO,T12/R13 WELS/T9 R8 WELS                                                                                                                               ,2,0,0,1,0,0,0,0,0,3
ARO,T15 R6 TWP                                                                                                                                            ,0,1,0,7,0,0,0,0,1,9
ARO,T17 R3 VAN BUREN COVE TWP                                                                                                                             ,8,2,0,12,0,0,0,0,2,24
ARO,T4 R3 TWP                                                                                                                                             ,1,0,0,0,0,0,0,0,0,1
ARO,TD R2 WELS                                                                                                                                            ,4,0,0,0,0,0,0,0,0,4
ARO,VAN BUREN,501,27,11,391,0,0,0,2,32,964
ARO,WADE,41,11,4,86,0,0,0,0,4,146
ARO,WALLAGRASS,154,9,1,127,0,0,0,0,10,301
ARO,WASHBURN,284,45,7,482,0,0,1,6,39,864
ARO,WESTFIELD,85,13,1,146,1,0,0,0,12,258
ARO,WESTMANLAND,24,0,1,24,0,0,0,0,0,49
ARO,WESTON,55,1,3,121,0,0,0,0,5,185
ARO,WINTERVILLE PLT,53,5,2,73,0,0,0,0,5,138
ARO,WOODLAND,231,33,6,392,0,0,0,0,24,686
,Total:,"13,386","1,652",516,"19,419",13,0,1,110,"1,160","36,257"
CUM,BALDWIN,271,58,16,560,0,0,0,3,28,936
CUM,BRIDGTON,"1,224",158,69,"1,474",0,0,0,6,96,"3,027"
CUM,BRUNSWICK,"7,992",579,236,"3,647",0,0,0,25,413,"12,892"
CUM,CAPE ELIZABETH,"4,480",229,70,"1,593",0,0,0,7,219,"6,598"
CUM,CASCO,819,104,46,"1,117",0,0,0,10,59,"2,155"
CUM,CHEBEAGUE ISLAND,232,17,11,66,0,0,0,0,3,329
CUM,CUMBERLAND,"3,184",283,55,"1,755",0,0,0,28,200,"5,505"
CUM,FALMOUTH,"4,877",305,107,"2,633",0,0,0,21,236,"8,179"
CUM,FREEPORT,"3,442",265,86,"1,644",0,0,0,10,168,"5,615"
CUM,FRYE ISLAND,43,8,0,26,0,0,0,0,1,78
CUM,GORHAM,"4,995",486,161,"3,945",80,0,0,22,258,"9,947"
CUM,GRAY,"2,021",269,81,"2,397",2,0,0,12,149,"4,931"
CUM,HARPSWELL,"1,881",128,51,"1,316",0,0,0,10,97,"3,483"
CUM,HARRISON,568,80,38,760,2,0,0,4,45,"1,497"
CUM,LONG ISLAND,109,7,2,52,0,0,0,2,4,176
CUM,NAPLES,826,118,39,"1,277",0,0,0,0,73,"2,333"
CUM,NEW GLOUCESTER,"1,350",167,61,"1,657",3,0,0,16,110,"3,364"
CUM,NORTH YARMOUTH,"1,493",118,35,922,0,0,0,4,84,"2,656"
CUM,PORTLAND,"28,534","1,226",987,"6,789",2,0,0,58,981,"38,577"
CUM,POWNAL,556,60,16,421,1,0,0,0,34,"1,088"
CUM,RAYMOND,"1,263",93,74,"1,381",1,0,0,3,83,"2,898"
CUM,SCARBOROUGH,"6,893",533,191,"4,918",0,0,1,39,419,"12,994"
CUM,SEBAGO,421,64,20,600,2,0,0,4,21,"1,132"
CUM,SOUTH PORTLAND,"9,919",526,291,"3,950",4,0,1,17,397,"15,105"
CUM,STANDISH,"2,144",280,80,"2,873",0,0,0,15,163,"5,555"
CUM,WESTBROOK,"5,431",493,200,"3,573",5,0,0,6,312,"10,020"
CUM,WINDHAM,"4,308",517,169,"4,860",0,0,0,27,259,"10,140"
CUM,YARMOUTH,"3,705",236,71,"1,503",0,0,0,5,205,"5,725"
,Total:,"102,981","7,407","3,263","57,709",102,0,2,354,"5,117","176,935"
FRA,AVON,76,15,4,146,0,0,0,0,7,248
FRA,CARRABASSETT VALLEY,264,32,23,127,0,0,0,0,28,474
FRA,CARTHAGE,90,20,33,139,0,0,0,1,9,292
FRA,CHESTERVILLE,276,60,15,375,0,0,1,2,18,747
FRA,COPLIN PLT,38,11,3,44,0,0,0,0,7,103
FRA,DALLAS PLT,90,15,4,92,0,0,0,3,3,207
FRA,EUSTIS,136,37,12,222,0,0,0,0,18,425
FRA,FARMINGTON,"1,979",260,104,"1,483",0,0,0,18,139,"3,983"
FRA,INDUSTRY,189,28,8,234,0,0,0,0,11,470
FRA,JAY,"1,143",142,28,"1,184",0,0,0,5,98,"2,600"
FRA,KINGFIELD,297,65,18,403,0,0,0,0,27,810
FRA,NEW SHARON,310,69,31,498,0,0,0,3,31,942
FRA,NEW VINEYARD,130,29,7,256,0,0,0,5,23,450
FRA,PERKINS TOWNSHIP                                                                                                                                      ,8,1,0,4,0,0,0,0,0,13
FRA,PHILLIPS,230,34,14,344,0,0,0,3,24,649
FRA,RANGELEY,287,37,11,384,0,0,0,1,23,743
FRA,RANGELEY PLT,51,5,3,97,0,0,0,0,6,162
FRA,SANDY RIVER PLT,45,1,5,40,0,0,0,0,2,93
FRA,STRONG,225,54,13,460,0,0,0,1,27,780
FRA,TEMPLE,154,15,6,146,0,0,0,0,7,328
FRA,WASHINGTON TWP                                                                                                                                        ,7,1,0,9,0,0,0,0,0,17
FRA,WELD,109,17,1,148,0,0,0,0,13,288
FRA,WILTON,872,155,30,"1,066",0,0,0,32,73,"2,228"
FRA,WYMAN TWP                                                                                                                                             ,10,0,3,17,0,0,0,0,3,33
,,"7,016 ","1,103 ",376 ,"7,918 ",0 ,0 ,1 ,74 ,597 ,"17,085 "
HAN,AMHERST,57,7,6,99,0,0,0,0,5,174
HAN,AURORA,17,5,3,48,0,0,0,1,2,76
HAN,BAR HARBOR,"2,244",107,58,712,0,0,0,8,88,"3,217"
HAN,BLUE HILL,"1,088",82,44,560,1,0,0,1,48,"1,824"
HAN,BROOKLIN,346,20,16,177,0,0,0,3,12,574
HAN,BROOKSVILLE,406,15,21,190,0,0,0,0,25,657
HAN,BUCKSPORT,"1,035",148,47,"1,335",0,0,0,14,76,"2,655"
HAN,CASTINE,329,37,8,205,0,0,0,2,19,600
HAN,CRANBERRY ISLES,100,6,4,41,0,0,0,0,2,153
HAN,DEDHAM,450,57,20,542,0,0,0,6,25,"1,100"
HAN,DEER ISLE,684,43,21,453,0,0,0,0,29,"1,230"
HAN,EASTBROOK,66,16,6,150,1,0,0,0,5,244
HAN,ELLSWORTH,"1,810",242,90,"2,113",3,0,0,14,129,"4,401"
HAN,FRANKLIN,303,48,11,426,0,0,0,0,23,811
HAN,FRENCHBORO,7,0,2,23,0,0,0,0,1,33
HAN,GOULDSBORO,409,39,11,559,0,0,0,0,16,"1,034"
HAN,GREAT POND,15,3,1,22,0,0,0,0,0,41
HAN,HANCOCK,507,73,29,678,0,0,0,4,40,"1,331"
HAN,LAMOINE,481,60,12,516,4,0,0,4,35,"1,112"
HAN,MARIAVILLE,91,20,4,165,0,0,0,5,7,292
HAN,MOUNT DESERT,917,54,21,389,2,0,0,5,48,"1,436"
HAN,ORLAND,623,72,31,651,0,0,0,0,25,"1,402"
HAN,OSBORN,14,1,0,26,0,0,0,0,0,41
HAN,OTIS,137,25,3,260,0,0,0,2,22,449
HAN,PENOBSCOT,445,29,29,279,0,0,0,4,24,810
HAN,SEDGWICK,397,33,16,287,0,0,0,1,29,763
HAN,SORRENTO,99,11,4,87,0,0,0,1,8,210
HAN,SOUTHWEST HARBOR,646,31,15,400,0,0,0,4,39,"1,135"
HAN,STONINGTON,350,19,14,214,0,0,0,0,14,611
HAN,SULLIVAN,285,51,14,300,0,0,0,0,27,677
HAN,SURRY,490,46,25,418,0,0,0,2,35,"1,016"
HAN,SWANS ISLAND,102,13,8,122,0,0,0,4,5,254
HAN,T10 SD TWP                                                                                                                                            ,4,0,0,10,0,0,0,0,0,14
HAN,T22 MD TWP                                                                                                                                            ,0,0,0,5,0,0,0,0,0,5
HAN,T3 ND TWP                                                                                                                                             ,3,0,0,3,0,0,0,0,0,6
HAN,T7 SD TWP                                                                                                                                             ,0,2,3,0,0,0,0,0,0,5
HAN,T9 SD/T10 SD TWP                                                                                                                                      ,2,0,0,5,0,0,0,0,0,7
HAN,TREMONT,477,44,19,381,0,0,0,1,21,943
HAN,TRENTON,398,42,15,396,1,0,0,2,24,878
HAN,VERONA ISLAND,122,19,2,164,0,0,0,3,4,314
HAN,WALTHAM,48,15,3,141,0,0,0,1,2,210
HAN,WINTER HARBOR,113,25,8,153,0,0,0,0,11,310
,Total:,"16,117","1,560",644,"13,705",12,0,0,92,925,"33,055"
KEN,ALBION,329,65,27,716,1,0,0,2,35,"1,175"
KEN,AUGUSTA,"4,396",501,192,"3,805",0,0,0,15,305,"9,214"
KEN,BELGRADE,826,89,18,"1,062",0,0,0,4,50,"2,049"
KEN,BENTON,544,101,20,842,0,0,0,2,57,"1,566"
KEN,CHELSEA,520,63,26,860,0,0,0,1,57,"1,527"
KEN,CHINA,919,135,42,"1,347",4,0,0,3,66,"2,516"
KEN,CLINTON,521,86,29,"1,012",0,0,0,0,59,"1,707"
KEN,FARMINGDALE,773,96,32,761,2,0,0,6,53,"1,723"
KEN,FAYETTE,344,40,10,373,2,0,0,2,18,789
KEN,GARDINER,"1,446",156,80,"1,361",0,0,0,6,71,"3,120"
KEN,HALLOWELL,"1,093",71,46,374,2,0,0,4,69,"1,659"
KEN,LITCHFIELD,701,109,43,"1,156",1,0,0,11,64,"2,085"
KEN,MANCHESTER,746,84,19,769,0,0,0,0,61,"1,679"
KEN,MONMOUTH,865,166,36,"1,271",0,0,0,9,65,"2,412"
KEN,MOUNT VERNON,458,63,27,475,0,0,0,1,40,"1,064"
KEN,OAKLAND,"1,442",232,64,"1,715",0,0,0,11,132,"3,596"
KEN,PITTSTON,577,101,29,936,0,0,0,0,80,"1,723"
KEN,RANDOLPH,426,59,18,475,0,0,0,4,36,"1,018"
KEN,READFIELD,793,84,29,710,1,0,0,4,45,"1,666"
KEN,ROME,282,28,16,268,0,0,0,0,28,622
KEN,SIDNEY,939,160,46,"1,411",4,0,0,16,90,"2,666"
KEN,VASSALBORO,904,126,34,"1,335",0,0,0,3,78,"2,480"
KEN,VIENNA,157,25,8,195,0,0,0,0,11,396
KEN,WATERVILLE,"4,171",412,152,"2,424",2,0,0,25,247,"7,433"
KEN,WAYNE,424,42,15,321,0,0,0,0,13,815
KEN,WEST GARDINER,792,121,41,"1,186",1,0,0,7,61,"2,209"
KEN,WINDSOR,406,90,31,813,0,0,0,6,42,"1,388"
KEN,WINSLOW,"1,825",255,68,"2,100",0,0,0,5,153,"4,406"
KEN,WINTHROP,"1,683",208,86,"1,602",0,0,0,12,117,"3,708"
,Total:,"29,302","3,768","1,284","31,675",20,0,0,159,"2,203","68,411"
KNO,APPLETON,393,41,16,396,0,0,0,3,25,874
KNO,CAMDEN,"2,430",80,60,802,0,0,0,8,123,"3,503"
KNO,CRIEHAVEN TOWNSHIP                                                                                                                                    ,1,0,0,0,0,0,0,0,0,1
KNO,CUSHING,372,34,12,440,2,0,0,0,22,882
KNO,FRIENDSHIP,271,31,13,425,1,0,0,0,17,758
KNO,HOPE,537,44,20,418,0,0,0,3,26,"1,048"
KNO,ISLE AU HAUT,38,3,7,15,0,0,0,0,3,66
KNO,MATINICUS ISLE PLT,33,0,0,18,0,0,0,0,2,53
KNO,NORTH HAVEN,189,18,11,67,0,0,0,0,16,301
KNO,OWLS HEAD,496,35,36,431,0,0,0,1,39,"1,038"
KNO,ROCKLAND,"2,024",147,105,"1,209",3,0,0,13,149,"3,650"
KNO,ROCKPORT,"1,381",107,35,740,0,0,0,13,86,"2,362"
KNO,SAINT GEORGE,930,47,29,621,2,0,1,6,53,"1,689"
KNO,SOUTH THOMASTON,445,46,13,383,3,0,0,0,36,926
KNO,THOMASTON,785,63,38,581,0,0,0,0,49,"1,516"
KNO,UNION,582,59,27,665,0,0,0,5,31,"1,369"
KNO,VINALHAVEN,448,34,32,249,0,0,0,0,24,787
KNO,WARREN,765,109,45,"1,181",0,0,0,5,48,"2,153"
KNO,WASHINGTON,323,50,36,507,0,0,0,4,30,950
,Total:,"12,443",948,535,"9,148",11,0,1,61,779,"23,926"
LIN,ALNA,262,15,14,176,0,0,0,0,15,482
LIN,BOOTHBAY,980,112,40,899,0,0,0,2,80,"2,113"
LIN,BOOTHBAY HARBOR,729,64,22,541,0,0,0,0,37,"1,393"
LIN,BREMEN,282,11,6,194,0,0,0,2,18,513
LIN,BRISTOL,936,73,35,767,1,0,0,13,69,"1,894"
LIN,DAMARISCOTTA,767,70,23,454,0,0,0,0,58,"1,372"
LIN,DRESDEN,447,63,20,513,1,0,0,5,40,"1,089"
LIN,EDGECOMB,422,47,14,321,0,0,0,1,18,823
LIN,JEFFERSON,548,88,40,874,3,0,0,6,54,"1,613"
LIN,MONHEGAN ISLAND PLT,40,2,9,6,0,0,0,0,3,60
LIN,NEWCASTLE,786,43,15,380,1,0,0,3,42,"1,270"
LIN,NOBLEBORO,548,45,26,518,1,0,0,8,30,"1,176"
LIN,SOMERVILLE,101,29,8,197,0,0,0,2,9,346
LIN,SOUTH BRISTOL,332,40,13,229,0,0,0,0,16,630
LIN,SOUTHPORT,218,18,5,179,0,0,0,0,11,431
LIN,WALDOBORO,"1,133",123,46,"1,409",3,0,0,15,105,"2,834"
LIN,WESTPORT ISLAND,241,29,12,219,0,0,0,1,14,516
LIN,WHITEFIELD,605,62,38,687,0,0,0,2,37,"1,431"
LIN,WISCASSET,864,105,39,"1,164",1,0,0,0,78,"2,251"
,Total:,"10,241","1,039",425,"9,727",11,0,0,60,734,"22,237"
OXF,ALBANY TWP,106,33,13,152,0,0,0,0,11,315
OXF,ANDOVER,195,40,13,280,0,0,0,0,18,546
OXF,BETHEL,856,102,20,678,0,0,0,0,56,"1,712"
OXF,BROWNFIELD,366,42,11,428,0,0,0,3,28,878
OXF,BUCKFIELD,371,58,19,619,1,0,0,4,40,"1,112"
OXF,BYRON,29,3,5,52,0,0,0,0,4,93
OXF,CANTON,152,37,76,242,1,0,0,0,31,539
OXF,DENMARK,285,40,21,382,0,0,0,1,23,752
OXF,DIXFIELD,415,90,24,709,0,0,0,0,68,"1,306"
OXF,FRYEBURG,810,134,38,768,1,0,0,2,80,"1,833"
OXF,GILEAD,42,10,2,62,0,0,0,0,2,118
OXF,GREENWOOD,213,27,7,211,0,0,0,0,16,474
OXF,HANOVER,84,11,5,85,0,0,0,0,4,189
OXF,HARTFORD,206,43,10,378,0,0,0,0,18,655
OXF,HEBRON,249,74,10,397,2,0,0,1,20,753
OXF,HIRAM,312,49,19,442,0,0,0,1,34,857
OXF,LINCOLN PLT,8,1,0,17,0,0,1,2,0,29
OXF,LOVELL,313,44,8,335,0,0,0,0,16,716
OXF,MAGALLOWAY PLT,2,0,0,15,0,0,0,0,1,18
OXF,MEXICO,544,85,28,647,0,0,0,2,56,"1,362"
OXF,MILTON TWP                                                                                                                                            ,26,4,2,53,0,0,0,0,3,88
OXF,NEWRY,136,14,10,109,0,0,0,1,12,282
OXF,NORWAY,"1,056",152,36,"1,313",8,0,0,13,115,"2,693"
OXF,OTISFIELD,423,60,22,560,0,0,0,0,29,"1,094"
OXF,OXFORD,694,150,39,"1,270",1,0,0,6,70,"2,230"
OXF,PARIS,"1,034",177,55,"1,372",2,0,0,14,98,"2,752"
OXF,PERU,321,63,10,547,0,0,0,15,22,978
OXF,PORTER,270,48,10,462,3,0,0,4,25,822
OXF,ROXBURY,76,17,4,143,0,0,0,0,9,249
OXF,RUMFORD,"1,137",182,67,"1,400",1,0,0,6,131,"2,924"
OXF,STONEHAM,77,5,0,89,0,0,0,1,4,176
OXF,STOW,97,15,3,98,0,0,0,0,14,227
OXF,SUMNER,187,28,13,299,0,0,0,3,29,559
OXF,SWEDEN,115,14,3,116,0,0,0,0,8,256
OXF,UPTON,13,3,1,39,0,0,0,0,4,60
OXF,WATERFORD,338,59,20,493,0,0,0,0,37,947
OXF,WEST PARIS,340,77,21,544,0,0,0,2,31,"1,015"
OXF,WOODSTOCK,274,54,16,404,0,0,0,11,37,796
,Total:,"12,172","2,045",661,"16,210",20,0,1,92,"1,204","32,405"
PEN,ALTON,153,33,5,273,0,0,0,0,9,473
PEN,ARGYLE TOWNSHIP                                                                                                                                       ,34,2,1,47,0,0,0,0,2,86
PEN,BANGOR,"8,155",868,310,"6,001",5,0,1,84,488,"15,912"
PEN,BRADFORD,185,26,8,442,0,0,0,0,18,679
PEN,BRADLEY,335,42,15,411,0,0,0,0,31,834
PEN,BREWER,"2,165",302,92,"2,585",0,0,0,0,160,"5,304"
PEN,BURLINGTON,41,10,6,131,0,0,0,0,6,194
PEN,CARMEL,459,79,20,"1,019",0,0,0,0,55,"1,632"
PEN,CARROLL PLT,17,2,3,72,0,0,0,0,1,95
PEN,CHARLESTON,140,20,9,532,0,0,0,1,14,716
PEN,CHESTER,65,14,4,244,0,0,0,1,4,332
PEN,CLIFTON,170,30,11,293,1,0,0,1,12,518
PEN,CORINNA,304,61,22,738,0,0,0,5,31,"1,161"
PEN,CORINTH,368,60,9,"1,057",0,0,0,6,31,"1,531"
PEN,DEXTER,572,103,38,"1,062",0,0,0,0,54,"1,829"
PEN,DIXMONT,232,31,20,431,0,0,0,2,30,746
PEN,DREW PLT,3,1,0,20,0,0,0,0,0,24
PEN,EAST MILLINOCKET,373,37,17,494,0,0,0,0,29,950
PEN,EDDINGTON,444,86,20,784,0,0,0,0,33,"1,367"
PEN,EDINBURG,26,0,1,47,0,0,0,0,1,75
PEN,ENFIELD,259,56,9,493,0,0,0,0,36,853
PEN,ETNA,198,35,16,385,0,0,2,0,21,657
PEN,EXETER,177,28,6,330,0,0,0,1,8,550
PEN,GARLAND,167,34,7,344,4,0,0,0,21,577
PEN,GLENBURN,933,143,34,"1,411",3,0,0,10,72,"2,606"
PEN,GRAND FALLS TOWNSHIP                                                                                                                                  ,1,2,2,2,0,0,0,0,0,7
PEN,GREENBUSH,185,45,12,440,3,0,0,0,24,709
PEN,GRINDSTONE/HERSEYTOWN/SOLDIERTOWN TWP                                                                                                                 ,4,2,0,18,0,0,0,0,1,25
PEN,HAMPDEN,"1,929",272,74,"2,103",2,0,0,21,131,"4,532"
PEN,HERMON,"1,101",171,35,"2,170",1,0,0,17,93,"3,588"
PEN,HERSEYTOWN TWP                                                                                                                                        ,0,1,1,13,0,0,0,0,0,15
PEN,HOLDEN,719,102,36,"1,123",1,0,0,10,59,"2,050"
PEN,HOWLAND,248,28,6,387,1,0,0,4,24,698
PEN,HUDSON,194,38,12,490,0,0,0,1,23,758
PEN,KENDUSKEAG,202,45,17,461,0,0,0,0,17,742
PEN,KINGMAN TWP,16,1,0,53,0,0,0,0,1,71
PEN,LAGRANGE,112,9,4,237,0,0,0,0,8,370
PEN,LAKEVILLE,18,6,0,32,3,0,0,0,0,59
PEN,LEE,137,11,8,358,3,0,0,0,17,534
PEN,LEVANT,424,74,15,"1,025",0,0,0,13,44,"1,595"
PEN,LINCOLN,704,124,39,"1,574",0,0,0,3,89,"2,533"
PEN,LOWELL,61,4,9,155,0,0,0,1,2,232
PEN,MATTAMISCONTIS TOWNSHIP                                                                                                                               ,1,1,0,40,0,0,0,0,0,42
PEN,MATTAWAMKEAG,105,17,7,222,0,0,0,1,10,362
PEN,MAXFIELD,17,3,2,36,0,0,0,0,0,58
PEN,MEDWAY,193,23,7,508,0,6,0,0,14,751
PEN,MILFORD,783,109,31,809,0,0,0,0,48,"1,780"
PEN,MILLINOCKET,913,101,32,"1,161",0,0,0,0,78,"2,285"
PEN,MILLINOCKET PENOBSCOT TOWNSHIPS                                                                                                                       ,62,4,1,63,0,0,0,0,6,136
PEN,MOUNT CHASE,23,4,2,71,0,0,0,0,7,107
PEN,NEWBURGH,328,41,14,546,0,0,0,3,34,966
PEN,NEWPORT,576,86,31,"1,026",0,0,0,10,41,"1,770"
PEN,OLD TOWN,"2,029",245,90,"1,514",0,0,0,9,128,"4,015"
PEN,ORONO,"3,420",364,115,"1,445",0,0,0,21,191,"5,556"
PEN,ORRINGTON,869,131,38,"1,313",0,0,0,9,55,"2,415"
PEN,PASSADUMKEAG,37,10,3,165,0,0,0,1,8,224
PEN,PATTEN,138,20,7,322,0,0,0,1,23,511
PEN,PENOBSCOT NATION VOTING DISTRICT,198,10,20,43,0,0,0,0,13,284
PEN,PLYMOUTH,184,42,11,484,0,0,0,3,24,748
PEN,PRENTISS TWP,18,1,2,70,0,0,0,0,7,98
PEN,SEBOEIS PLT,15,0,0,19,0,0,0,0,1,35
PEN,SPRINGFIELD,34,7,1,130,0,0,0,0,6,178
PEN,STACYVILLE,35,3,5,148,0,0,0,0,8,199
PEN,STETSON,206,52,17,433,0,0,0,1,23,732
PEN,T5 R7 TWP/T5 R8 TWP/T6 R8 TWPS                                                                                                                        ,4,0,0,8,0,0,0,0,0,12
PEN,VEAZIE,556,53,24,483,0,0,0,10,42,"1,168"
PEN,WEBSTER PLT,5,1,0,26,0,0,0,0,0,32
PEN,WINN,36,4,3,151,0,0,0,0,7,201
PEN,WOODVILLE,23,7,1,99,0,0,0,0,1,131
,Total:,"32,838","4,377","1,417","41,622",27,6,3,250,"2,475","83,015"
PIS,ABBOT,101,31,10,255,0,0,0,0,11,408
PIS,ATKINSON,50,10,1,120,0,0,0,1,6,188
PIS,BARNARD TWP/EBEEMEE TWP/T4 R9 NWP/WILLIAMSBURG TWP                                                                                                    ,32,11,2,55,0,0,0,0,4,104
PIS,BEAVER COVE,37,4,0,58,0,0,0,1,1,101
PIS,BOWERBANK,25,3,0,60,0,0,0,0,5,93
PIS,BROWNVILLE,211,37,13,332,1,0,0,5,12,611
PIS,DOVER-FOXCROFT,789,111,58,"1,138",1,0,0,12,67,"2,176"
PIS,ELLIOTTSVILLE TWP                                                                                                                                     ,7,1,1,6,0,0,0,0,1,16
PIS,GREENVILLE,407,41,11,625,0,0,0,0,44,"1,128"
PIS,GUILFORD,222,32,20,401,1,0,0,1,25,702
PIS,KINGSBURY PLT,9,1,0,9,0,0,0,0,0,19
PIS,LAKE VIEW PLT,33,0,0,39,0,0,0,0,1,73
PIS,MEDFORD,44,5,3,96,0,0,0,0,4,152
PIS,MILLINOCKET PISCATAQUS TOWNSHIPS                                                                                                                      ,14,0,0,52,0,0,0,0,1,67
PIS,MILO,385,55,22,696,0,0,0,6,75,"1,239"
PIS,MONSON,159,17,10,255,0,0,0,0,17,458
PIS,PARKMAN,151,38,3,283,1,0,0,3,19,498
PIS,SANGERVILLE,209,32,16,455,0,0,0,0,19,731
PIS,SEBEC,102,18,6,257,0,0,0,0,12,395
PIS,SHIRLEY,43,8,1,93,0,0,0,0,5,150
PIS,T10 R15 WELS                                                                                                                                          ,0,0,0,1,0,0,0,0,0,1
PIS,WELLINGTON,48,5,2,62,0,0,0,0,3,120
PIS,WILLIMANTIC,20,4,0,58,0,0,0,2,4,88
,Total:,"3,098",464,179,"5,406",4,0,0,31,336,"9,518"
SAG,ARROWSIC,222,9,10,98,0,0,0,0,12,351
SAG,BATH,"2,717",252,115,"1,571",2,0,0,3,163,"4,823"
SAG,BOWDOIN,589,81,21,"1,007",3,0,0,9,54,"1,764"
SAG,BOWDOINHAM,876,109,41,803,1,0,0,4,51,"1,885"
SAG,GEORGETOWN,402,29,32,281,0,0,0,0,25,769
SAG,PHIPPSBURG,617,67,27,692,0,0,0,0,37,"1,440"
SAG,RICHMOND,733,115,53,961,0,0,0,0,77,"1,939"
SAG,TOPSHAM,"3,109",354,91,"2,328",0,0,1,6,216,"6,105"
SAG,WEST BATH,572,51,20,562,1,0,0,0,51,"1,257"
SAG,WOOLWICH,827,111,26,"1,001",0,0,0,4,54,"2,023"
,Total:,"10,664","1,178",436,"9,304",7,0,1,26,740,"22,356"
SOM,ANSON,360,57,20,705,2,0,0,0,31,"1,175"
SOM,ATHENS,160,32,13,275,0,0,0,0,21,501
SOM,BINGHAM,191,16,14,302,0,0,0,0,21,544
SOM,BRIGHTON PLT,12,2,2,32,0,0,0,0,1,49
SOM,CAMBRIDGE,65,18,5,173,0,0,0,0,8,269
SOM,CANAAN,362,78,27,647,0,0,0,3,39,"1,156"
SOM,CARATUNK,27,0,0,23,0,0,0,0,0,50
SOM,CONCORD TOWNSHIP                                                                                                                                      ,0,0,0,3,0,0,0,0,0,3
SOM,CORNVILLE,251,36,16,410,0,0,0,0,19,732
SOM,DENNISTOWN PLT,5,0,0,19,0,0,0,0,2,26
SOM,DETROIT,147,19,10,228,0,0,0,0,11,415
SOM,EMBDEN,167,23,10,322,0,0,0,2,11,535
SOM,FAIRFIELD,"1,250",206,56,"1,745",0,0,0,12,113,"3,382"
SOM,HARMONY,154,17,6,293,0,0,0,2,21,493
SOM,HARTLAND,222,37,9,600,1,0,0,2,17,888
SOM,HIGHLAND PLT,33,5,5,70,0,0,0,0,5,118
SOM,JACKMAN,121,20,5,376,3,0,0,0,19,544
SOM,LEXINGTON TWP/SPRING LAKE TWP                                                                                                                         ,4,2,1,14,0,0,0,0,0,21
SOM,MADISON,813,107,30,"1,262",1,0,0,7,86,"2,306"
SOM,MERCER,158,16,8,225,0,0,0,1,16,424
SOM,MOOSE RIVER,15,5,1,94,0,0,0,0,4,119
SOM,MOSCOW,88,3,8,155,0,0,0,0,9,263
SOM,NEW PORTLAND,153,29,19,226,0,0,0,2,13,442
SOM,NORRIDGEWOCK,636,92,32,"1,022",1,0,0,5,52,"1,840"
SOM,PALMYRA,309,54,20,681,0,0,0,8,17,"1,089"
SOM,PITTSFIELD,670,126,40,"1,072",0,0,0,19,53,"1,980"
SOM,PLEASANT RIDGE PLT,11,4,0,33,0,0,0,1,2,51
SOM,RIPLEY,72,12,21,155,0,0,0,0,9,269
SOM,ROCKWOOD STRIP TWP,57,4,1,156,0,0,0,0,6,224
SOM,SAINT ALBANS,282,52,27,768,0,0,0,7,27,"1,163"
SOM,SKOWHEGAN,"1,674",211,67,"2,046",0,0,0,4,153,"4,155"
SOM,SMITHFIELD,244,29,13,319,0,0,0,0,19,624
SOM,SOLON,233,22,16,316,1,0,0,1,18,607
SOM,STARKS,122,15,14,182,1,0,0,7,16,357
SOM,THE FORKS PLT,9,10,0,21,0,0,0,0,4,44
SOM,WEST FORKS PLT,15,3,0,31,0,0,0,0,0,49
,Total:,"9,092","1,362",516,"15,001",10,0,0,83,843,"26,907"
WAL,BELFAST,"2,351",177,100,"1,241",0,0,0,7,122,"3,998"
WAL,BELMONT,225,35,12,281,0,0,0,3,21,577
WAL,BROOKS,207,32,21,298,0,0,0,7,16,581
WAL,BURNHAM,213,35,13,404,0,0,0,1,23,689
WAL,FRANKFORT,220,34,14,381,0,0,0,2,20,671
WAL,FREEDOM,172,32,12,209,0,0,0,1,14,440
WAL,ISLESBORO,280,14,9,116,0,0,0,0,11,430
WAL,JACKSON,104,20,6,189,0,0,0,2,13,334
WAL,KNOX,131,23,9,281,0,0,0,1,14,459
WAL,LIBERTY,233,31,13,267,1,0,0,1,20,566
WAL,LINCOLNVILLE,883,78,43,510,0,0,0,3,57,"1,574"
WAL,MONROE,247,32,17,246,0,0,0,1,18,561
WAL,MONTVILLE,288,28,30,279,0,0,0,2,20,647
WAL,MORRILL,192,29,6,296,1,0,0,3,24,551
WAL,NORTHPORT,528,48,16,408,0,0,0,4,33,"1,037"
WAL,PALERMO,308,60,18,467,0,0,0,6,31,890
WAL,PROSPECT,157,17,5,224,0,0,0,2,13,418
WAL,SEARSMONT,370,45,23,390,0,0,0,4,21,853
WAL,SEARSPORT,689,78,36,710,0,0,0,3,54,"1,570"
WAL,STOCKTON SPRINGS,445,43,28,471,0,0,0,1,33,"1,021"
WAL,SWANVILLE,286,49,24,404,0,0,0,4,32,799
WAL,THORNDIKE,189,24,19,191,0,0,3,3,13,442
WAL,TROY,216,33,16,288,1,0,0,2,18,574
WAL,UNITY,448,70,44,474,2,0,0,0,32,"1,070"
WAL,WALDO,192,18,21,244,0,0,0,0,14,489
WAL,WINTERPORT,866,135,35,"1,109",3,0,0,5,77,"2,230"
,Total:,"10,440","1,220",590,"10,378",8,0,3,68,764,"23,471"
WAS,ADDISON,210,36,10,409,0,0,0,0,15,680
WAS,ALEXANDER,80,7,5,208,0,0,0,5,8,313
WAS,BAILEYVILLE,263,43,8,372,0,0,0,0,21,707
WAS,BARING PLT,48,4,1,66,0,0,0,1,7,127
WAS,BEALS,113,18,6,141,0,0,0,0,10,288
WAS,BEDDINGTON,11,1,1,24,0,0,0,0,0,37
WAS,BERRY TWP/CATHANCE TWP/MARION TWP                                                                                                                     ,12,2,0,17,0,0,0,0,2,33
WAS,CALAIS,574,90,16,762,2,0,0,3,58,"1,505"
WAS,CATHANCE TWP                                                                                                                                          ,5,0,0,6,0,0,0,0,0,11
WAS,CENTERVILLE TWP                                                                                                                                       ,4,0,0,13,0,0,0,0,1,18
WAS,CHARLOTTE,51,4,6,114,0,0,0,2,8,185
WAS,CHERRYFIELD,200,38,20,366,0,0,0,0,27,651
WAS,COLUMBIA,43,9,4,151,0,0,0,3,10,220
WAS,COLUMBIA FALLS,82,14,7,190,0,0,0,0,9,302
WAS,COOPER,33,3,2,55,0,0,0,0,2,95
WAS,CRAWFORD,21,2,1,48,0,0,0,0,1,73
WAS,CUTLER,70,7,6,202,0,0,0,0,12,297
WAS,DANFORTH,92,20,5,243,0,0,0,0,13,373
WAS,DEBLOIS,6,1,1,30,0,0,0,0,1,39
WAS,DENNYSVILLE,94,25,7,196,0,0,0,0,16,338
WAS,EAST MACHIAS,245,27,15,424,0,0,0,3,13,727
WAS,EASTPORT,408,24,39,309,0,0,0,0,35,815
WAS,GRAND LAKE STREAM PLT,32,8,0,59,0,0,0,0,3,102
WAS,HARRINGTON,129,19,8,322,0,0,0,1,22,501
WAS,INDIAN TOWNSHIP,184,13,1,59,0,0,0,0,24,281
WAS,JONESBORO,119,23,3,177,0,0,0,2,17,341
WAS,JONESPORT,240,34,10,377,0,0,0,0,27,688
WAS,LUBEC,374,26,19,359,0,0,0,0,45,823
WAS,MACHIAS,387,56,29,454,2,0,0,2,69,999
WAS,MACHIASPORT,184,12,38,249,2,0,0,0,21,506
WAS,MARSHFIELD,101,13,6,185,0,0,0,1,11,317
WAS,MEDDYBEMPS,30,5,1,62,0,0,0,0,7,105
WAS,MILBRIDGE,266,32,8,361,0,0,0,2,26,695
WAS,NORTHFIELD,38,2,2,65,0,0,0,0,1,108
WAS,PEMBROKE,191,15,12,273,0,0,0,0,9,500
WAS,PERRY,171,17,5,266,0,0,0,0,12,471
WAS,PLEASANT POINT VOTING DISTRICT,162,15,19,47,0,0,0,0,12,255
WAS,PRINCETON,119,34,12,330,0,0,0,1,14,510
WAS,ROBBINSTON,114,13,9,183,0,0,0,2,9,330
WAS,ROQUE BLUFFS,90,4,1,72,0,0,0,0,6,173
WAS,STEUBEN,199,38,13,368,0,0,0,0,22,640
WAS,T26 ED BPP TOWNSHIP                                                                                                                                   ,0,0,0,3,0,0,0,0,0,3
WAS,TALMADGE,13,2,0,22,0,0,0,0,3,40
WAS,TOPSFIELD,20,2,3,95,0,0,0,0,1,121
WAS,VANCEBORO,28,5,3,57,0,0,0,0,2,95
WAS,WAITE,12,5,0,34,0,0,0,0,0,51
WAS,WESLEY,27,3,2,44,0,0,0,0,7,83
WAS,WHITING,139,10,4,168,0,0,0,2,12,335
WAS,WHITNEYVILLE,41,10,2,56,0,0,0,0,6,115
,Total:,"6,075",791,370,"9,093",6,0,0,30,657,"17,022"
YOR,ACTON,542,68,23,820,1,0,0,2,41,"1,497"
YOR,ALFRED,812,92,24,885,0,0,0,0,60,"1,873"
YOR,ARUNDEL,"1,064",141,43,"1,198",0,0,0,5,85,"2,536"
YOR,BERWICK,"1,539",207,58,"2,086",3,0,0,8,104,"4,005"
YOR,BIDDEFORD,"5,505",471,241,"3,729",0,0,0,19,348,"10,313"
YOR,BUXTON,"1,895",237,82,"2,538",2,0,0,12,132,"4,898"
YOR,CORNISH,332,64,18,397,0,0,0,0,25,836
YOR,DAYTON,467,72,23,668,0,0,0,0,40,"1,270"
YOR,ELIOT,"2,257",200,58,"1,704",2,0,0,3,129,"4,353"
YOR,HOLLIS,"1,015",154,58,"1,329",0,0,0,4,80,"2,640"
YOR,KENNEBUNK,"4,224",345,125,"2,648",0,0,0,0,308,"7,650"
YOR,KENNEBUNKPORT,"1,356",98,30,910,0,0,0,9,99,"2,502"
YOR,KITTERY,"3,474",264,82,"1,746",0,0,0,20,162,"5,748"
YOR,LEBANON,939,165,57,"1,945",37,0,0,22,33,"3,198"
YOR,LIMERICK,642,87,36,843,0,0,0,7,57,"1,672"
YOR,LIMINGTON,697,103,36,"1,195",0,0,0,5,58,"2,094"
YOR,LYMAN,"1,038",132,62,"1,300",0,0,0,7,78,"2,617"
YOR,NEWFIELD,285,43,13,501,0,0,0,1,29,872
YOR,NORTH BERWICK,"1,165",153,66,"1,419",5,0,0,6,83,"2,897"
YOR,OGUNQUIT,564,24,10,286,0,0,0,0,37,921
YOR,OLD ORCHARD BEACH,"2,978",223,86,"2,147",2,0,0,1,162,"5,599"
YOR,PARSONSFIELD,367,59,22,552,0,0,0,0,27,"1,027"
YOR,SACO,"5,902",487,189,"4,067",0,0,0,11,355,"11,011"
YOR,SANFORD,"4,447",555,231,"4,744",0,0,0,26,359,"10,362"
YOR,SHAPLEIGH,534,89,35,874,0,0,0,1,35,"1,568"
YOR,SOUTH BERWICK,"2,227",223,70,"1,616",6,0,1,5,117,"4,265"
YOR,WATERBORO,"1,373",231,82,"2,189",0,0,0,5,120,"4,000"
YOR,WELLS,"3,275",334,86,"2,807",3,0,1,16,271,"6,793"
YOR,YORK,"4,929",374,109,"3,260",0,0,0,19,337,"9,028"
,Total:,"55,844","5,695","2,055","50,403",61,0,2,214,"3,771","118,045"
,STATE UOCAVA,"3,017",203,101,648,2,1,0,14,63,"4,049"
,,,,,,,,,,,
,Grand Totals: (includes UOCAVA),"357,735","38,105","14,251","335,593",333,7,16,"1,887","23,965","771,892"