Locality,Ward,Pct,Yes,No,Blanks,"Total Votes Cast"
Barnstable,-,1,927,"1,735",140,"2,802"
Barnstable,-,2,797,"1,509",101,"2,407"
Barnstable,-,3,610,"1,083",131,"1,824"
Barnstable,-,4,701,"1,335",152,"2,188"
Barnstable,-,5,752,"1,670",100,"2,522"
Barnstable,-,6,733,"1,576",96,"2,405"
Barnstable,-,7,869,"1,688",122,"2,679"
Barnstable,-,8,609,938,128,"1,675"
Barnstable,-,9,446,620,85,"1,151"
Barnstable,-,10,730,"1,417",99,"2,246"
Barnstable,-,11,850,"1,644",88,"2,582"
Barnstable,-,12,854,"1,603",93,"2,550"
Barnstable,-,13,590,965,98,"1,653"
Bourne,-,1,522,"1,135",109,"1,766"
Bourne,-,2,567,852,669,"2,088"
Bourne,-,3,325,786,108,"1,219"
Bourne,-,4,637,"1,330",95,"2,062"
Bourne,-,5,570,"1,179",154,"1,903"
Bourne,-,6,296,379,666,"1,341"
Bourne,-,7,544,779,544,"1,867"
Brewster,-,1,974,"1,449",123,"2,546"
Brewster,-,2,969,"1,397",125,"2,491"
Brewster,-,3,904,"1,435",118,"2,457"
Chatham,-,1,"1,677","3,137",308,"5,122"
Dennis,-,1,636,"1,433",122,"2,191"
Dennis,-,2,579,"1,537",115,"2,231"
Dennis,-,3,590,"1,111",126,"1,827"
Dennis,-,4,653,"1,345",114,"2,112"
Dennis,-,5,634,"1,292",87,"2,013"
Eastham,-,1,"1,599","2,338",180,"4,117"
Falmouth,-,1,"1,392","1,109",188,"2,689"
Falmouth,-,2,"1,002","1,211",179,"2,392"
Falmouth,-,3,764,"1,437",140,"2,341"
Falmouth,-,4,836,"1,553",134,"2,523"
Falmouth,-,5,"1,050","1,500",135,"2,685"
Falmouth,-,6,"1,010","1,372",143,"2,525"
Falmouth,-,7,802,"1,416",131,"2,349"
Falmouth,-,8,811,"1,439",107,"2,357"
Falmouth,-,9,757,"1,301",135,"2,193"
Harwich,-,1,795,"1,554",133,"2,482"
Harwich,-,2,775,"1,492",136,"2,403"
Harwich,-,3,799,"1,522",102,"2,423"
Harwich,-,4,823,"1,306",80,"2,209"
Mashpee,-,1,694,"1,549",94,"2,337"
Mashpee,-,2,611,"1,267",100,"1,978"
Mashpee,-,3,575,"1,029",70,"1,674"
Mashpee,-,4,649,"1,171",98,"1,918"
Mashpee,-,5,698,"1,631",121,"2,450"
Orleans,-,1,"1,892","2,718",275,"4,885"
Provincetown,-,1,"1,369","1,081",170,"2,620"
Sandwich,-,1,863,"1,620",152,"2,635"
Sandwich,-,2,817,"1,523",137,"2,477"
Sandwich,-,3,704,"1,414",142,"2,260"
Sandwich,-,4,715,"1,582",97,"2,394"
Sandwich,-,5,669,"1,433",108,"2,210"
Sandwich,-,6,661,"1,389",154,"2,204"
Truro,-,1,853,824,91,"1,768"
Wellfleet,-,1,"1,261","1,146",125,"2,532"
Yarmouth,-,1,820,"1,488",120,"2,428"
Yarmouth,-,2,702,"1,584",131,"2,417"
Yarmouth,-,3,628,"1,131",117,"1,876"
Yarmouth,-,4,640,"1,385",123,"2,148"
Yarmouth,-,5,658,"1,232",114,"2,004"
Yarmouth,-,6,618,"1,201",140,"1,959"
Yarmouth,-,7,838,"1,751",141,"2,730"
Adams,-,1,323,445,37,805
Adams,-,2,348,529,22,899
Adams,-,3,400,522,35,957
Adams,-,4,307,463,35,805
Adams,-,5,387,575,40,"1,002"
Alford,-,1,181,138,11,330
Becket,-,1,467,622,109,"1,198"
Cheshire,-,1,675,"1,212",79,"1,966"
Clarksburg,-,1,360,586,56,"1,002"
Dalton,-,1,827,984,110,"1,921"
Dalton,-,2,795,988,128,"1,911"
Egremont,-,1,518,366,92,976
Florida,-,1,117,270,33,420
"Great Barrington",-,A,529,470,97,"1,096"
"Great Barrington",-,B,545,454,96,"1,095"
"Great Barrington",-,C,436,314,63,813
"Great Barrington",-,D,566,475,82,"1,123"
Hancock,-,1,146,303,33,482
Hinsdale,-,1,459,673,84,"1,216"
Lanesborough,-,1,744,995,157,"1,896"
Lee,-,1,"1,463","1,850",193,"3,506"
Lenox,-,1,"1,559","1,591",232,"3,382"
Monterey,-,1,307,245,44,596
"Mount Washington",-,1,74,47,7,128
"New Ashford",-,1,66,75,14,155
"New Marlborough",-,1,407,468,91,966
"N. Adams",1,1,573,691,85,"1,349"
"N. Adams",2,2,496,603,67,"1,166"
"N. Adams",3,3,481,399,48,928
"N. Adams",4,4,602,676,106,"1,384"
"N. Adams",5,5,480,609,70,"1,159"
Otis,-,1,366,594,57,"1,017"
Peru,-,1,193,305,37,535
Pittsfield,1,A,542,641,102,"1,285"
Pittsfield,1,B,604,870,125,"1,599"
Pittsfield,2,A,438,409,73,920
Pittsfield,2,B,663,871,149,"1,683"
Pittsfield,3,A,808,905,117,"1,830"
Pittsfield,3,B,695,"1,067",155,"1,917"
Pittsfield,4,A,833,898,125,"1,856"
Pittsfield,4,B,891,"1,099",149,"2,139"
Pittsfield,5,A,700,774,72,"1,546"
Pittsfield,5,B,689,930,99,"1,718"
Pittsfield,6,A,662,867,115,"1,644"
Pittsfield,6,B,522,555,79,"1,156"
Pittsfield,7,A,440,526,89,"1,055"
Pittsfield,7,B,663,883,132,"1,678"
Richmond,-,1,555,440,69,"1,064"
Sandisfield,-,1,184,289,50,523
Savoy,-,1,132,237,58,427
Sheffield,-,1,878,"1,101",195,"2,174"
Stockbridge,-,1,691,538,141,"1,370"
Tyringham,-,1,139,161,17,317
Washington,-,1,150,190,13,353
"W. Stockbridge",-,1,505,397,73,975
Williamstown,-,1,911,550,90,"1,551"
Williamstown,-,2,434,151,57,642
Williamstown,-,3,959,556,69,"1,584"
Windsor,-,1,256,300,25,581
Acushnet,-,1,989,716,86,"1,791"
Acushnet,-,2,"1,010","1,029",126,"2,165"
Acushnet,-,3,645,"1,413",112,"2,170"
Attleboro,1,A,593,"1,200",68,"1,861"
Attleboro,1,B,652,"1,195",78,"1,925"
Attleboro,2,A,714,"1,249",74,"2,037"
Attleboro,2,B,770,"1,451",74,"2,295"
Attleboro,3,A,839,"1,189",61,"2,089"
Attleboro,3,B,843,"1,157",56,"2,056"
Attleboro,4,A,659,911,58,"1,628"
Attleboro,4,B,863,"1,675",82,"2,620"
Attleboro,5,A,548,630,64,"1,242"
Attleboro,5,B,734,"1,136",81,"1,951"
Attleboro,6,A,770,"1,054",76,"1,900"
Attleboro,6,B,775,"1,226",86,"2,087"
Berkley,-,1,"1,503",610,108,"2,221"
Berkley,-,2,520,"1,258",144,"1,922"
Dartmouth,-,1,693,"1,638",102,"2,433"
Dartmouth,-,2,499,923,67,"1,489"
Dartmouth,-,3,33,12,2,47
Dartmouth,-,4,704,"1,335",138,"2,177"
Dartmouth,-,5,810,"1,464",93,"2,367"
Dartmouth,-,6,643,"1,083",108,"1,834"
Dartmouth,-,7,736,"1,416",115,"2,267"
Dartmouth,-,8,"1,026","1,468",138,"2,632"
Dartmouth,-,9,"1,039","1,540",154,"2,733"
Dighton,-,1,605,"1,389",219,"2,213"
Dighton,-,2,725,"1,616",189,"2,530"
Easton,-,1,507,792,82,"1,381"
Easton,-,2,987,"1,588",162,"2,737"
Easton,-,3,843,"1,438",115,"2,396"
Easton,-,4,992,"1,447",152,"2,591"
Easton,-,5,"1,091","1,679",161,"2,931"
Easton,-,6,894,"1,527",148,"2,569"
Fairhaven,-,1,620,935,95,"1,650"
Fairhaven,-,2,531,"1,045",72,"1,648"
Fairhaven,-,3,380,840,95,"1,315"
Fairhaven,-,4,530,993,114,"1,637"
Fairhaven,-,5,511,"1,118",123,"1,752"
Fairhaven,-,6,507,"1,035",85,"1,627"
"Fall River",1,A,463,968,168,"1,599"
"Fall River",1,B,372,614,160,"1,146"
"Fall River",1,C,420,758,111,"1,289"
"Fall River",2,A,335,483,114,932
"Fall River",2,B,295,468,100,863
"Fall River",2,C,318,582,109,"1,009"
"Fall River",3,A,395,691,133,"1,219"
"Fall River",3,B,389,670,147,"1,206"
"Fall River",3,C,407,805,157,"1,369"
"Fall River",4,A,318,492,96,906
"Fall River",4,B,326,417,120,863
"Fall River",4,C,341,414,155,910
"Fall River",5,A,283,378,43,704
"Fall River",5,B,207,279,81,567
"Fall River",5,B1,51,56,18,125
"Fall River",5,C,318,434,90,842
"Fall River",6,A,440,824,152,"1,416"
"Fall River",6,B,295,528,121,944
"Fall River",6,C,389,656,140,"1,185"
"Fall River",6,C1,15,12,4,31
"Fall River",7,A,464,693,88,"1,245"
"Fall River",7,B,380,518,99,997
"Fall River",7,C,399,682,149,"1,230"
"Fall River",8,A,384,597,129,"1,110"
"Fall River",8,B,514,921,160,"1,595"
"Fall River",8,C,568,"1,033",177,"1,778"
"Fall River",9,A,601,"1,282",225,"2,108"
"Fall River",9,B,449,788,127,"1,364"
"Fall River",9,C,574,942,132,"1,648"
Freetown,-,1,565,"1,185",84,"1,834"
Freetown,-,2,525,"1,261",70,"1,856"
Freetown,-,3,538,"1,229",76,"1,843"
Mansfield,-,1,883,"1,512",107,"2,502"
Mansfield,-,2,948,"1,461",145,"2,554"
Mansfield,-,3,"1,014","1,443",137,"2,594"
Mansfield,-,4,948,"1,352",132,"2,432"
Mansfield,-,5,936,"1,227",86,"2,249"
Mansfield,-,6,947,"1,218",141,"2,306"
"New Bedford",1,A,488,949,79,"1,516"
"New Bedford",1,B,399,800,101,"1,300"
"New Bedford",1,C,394,718,102,"1,214"
"New Bedford",1,D,482,820,93,"1,395"
"New Bedford",1,E,472,672,101,"1,245"
"New Bedford",1,F,325,648,64,"1,037"
"New Bedford",2,A,163,144,37,344
"New Bedford",2,B,309,439,67,815
"New Bedford",2,C,260,376,49,685
"New Bedford",2,D,235,463,105,803
"New Bedford",2,E,386,618,66,"1,070"
"New Bedford",2,F,359,586,97,"1,042"
"New Bedford",3,A,265,263,70,598
"New Bedford",3,B,286,307,86,679
"New Bedford",3,C,240,316,102,658
"New Bedford",3,D,320,440,91,851
"New Bedford",3,E,460,726,105,"1,291"
"New Bedford",3,F,422,678,114,"1,214"
"New Bedford",4,A,297,243,113,653
"New Bedford",4,B,471,580,130,"1,181"
"New Bedford",4,C,497,458,148,"1,103"
"New Bedford",4,D,425,387,108,920
"New Bedford",4,E,359,503,79,941
"New Bedford",4,F,383,465,83,931
"New Bedford",5,A,297,386,77,760
"New Bedford",5,B,497,536,70,"1,103"
"New Bedford",5,C,326,524,96,946
"New Bedford",5,D,579,622,76,"1,277"
"New Bedford",5,E,558,845,108,"1,511"
"New Bedford",5,F,546,820,79,"1,445"
"New Bedford",6,A,416,644,81,"1,141"
"New Bedford",6,B,399,590,70,"1,059"
"New Bedford",6,C,177,211,67,455
"New Bedford",6,D,198,214,53,465
"New Bedford",6,E,231,315,98,644
"New Bedford",6,F,353,382,58,793
"N. Attleborough",-,1,663,875,62,"1,600"
"N. Attleborough",-,2,707,"1,165",94,"1,966"
"N. Attleborough",-,3,740,"1,185",97,"2,022"
"N. Attleborough",-,4,640,925,51,"1,616"
"N. Attleborough",-,5,659,"1,079",81,"1,819"
"N. Attleborough",-,6,774,"1,249",92,"2,115"
"N. Attleborough",-,7,742,"1,342",62,"2,146"
"N. Attleborough",-,8,713,"1,248",76,"2,037"
"N. Attleborough",-,9,751,"1,151",77,"1,979"
Norton,-,1,900,"1,417",138,"2,455"
Norton,-,2,854,"1,410",118,"2,382"
Norton,-,3,789,"1,290",158,"2,237"
Norton,-,4,868,"1,556",141,"2,565"
Norton,-,5,484,820,84,"1,388"
Raynham,-,1,640,"1,301",145,"2,086"
Raynham,-,1A,65,158,18,241
Raynham,-,2,454,"1,142",146,"1,742"
Raynham,-,2A,112,221,28,361
Raynham,-,3,674,"1,499",238,"2,411"
Raynham,-,4,641,"1,235",142,"2,018"
Rehoboth,-,1,783,"1,602",167,"2,552"
Rehoboth,-,2,860,"1,580",133,"2,573"
Rehoboth,-,3,874,"1,808",137,"2,819"
Seekonk,-,1,636,"1,359",122,"2,117"
Seekonk,-,2,820,"1,410",161,"2,391"
Seekonk,-,3,740,"1,373",161,"2,274"
Seekonk,-,4,673,"1,388",160,"2,221"
Somerset,-,1,676,"1,536",154,"2,366"
Somerset,-,2,676,"1,523",130,"2,329"
Somerset,-,3,668,"1,517",169,"2,354"
Somerset,-,4,565,"1,359",142,"2,066"
Somerset,-,5,600,"1,335",162,"2,097"
Swansea,-,1,587,"1,372",177,"2,136"
Swansea,-,2,616,"1,203",136,"1,955"
Swansea,-,3,535,"1,239",132,"1,906"
Swansea,-,4,587,"1,302",152,"2,041"
Swansea,-,5,569,"1,312",151,"2,032"
Taunton,1,A,491,764,187,"1,442"
Taunton,1,B,622,"1,166",167,"1,955"
Taunton,2,A,430,534,158,"1,122"
Taunton,2,B,497,686,124,"1,307"
Taunton,3,A,514,823,216,"1,553"
Taunton,3,B,609,"1,166",205,"1,980"
Taunton,4,A,580,"1,195",166,"1,941"
Taunton,4,B,536,"1,009",143,"1,688"
Taunton,5,A,538,769,131,"1,438"
Taunton,5,B,459,716,192,"1,367"
Taunton,6,A,421,656,136,"1,213"
Taunton,6,B,550,960,222,"1,732"
Taunton,7,A,531,"1,163",193,"1,887"
Taunton,7,B,681,"1,333",155,"2,169"
Taunton,8,A,675,"1,190",147,"2,012"
Taunton,8,B,652,"1,314",180,"2,146"
Westport,-,A,601,"1,300",129,"2,030"
Westport,-,B,786,"1,512",95,"2,393"
Westport,-,C,541,"1,249",127,"1,917"
Westport,-,D,544,"1,191",92,"1,827"
Westport,-,E,811,"1,505",143,"2,459"
Aquinnah,-,1,194,136,25,355
Chilmark,-,1,567,318,39,924
Edgartown,-,1,"1,379","1,569",178,"3,126"
Gosnold,-,1,36,45,1,82
"Oak Bluffs",-,1,"1,527","1,509",189,"3,225"
Tisbury,-,1,"1,430","1,210",218,"2,858"
"W. Tisbury",-,1,"1,340",857,106,"2,303"
Amesbury,-,1,710,"1,129",69,"1,908"
Amesbury,-,2,745,926,55,"1,726"
Amesbury,-,3,769,927,63,"1,759"
Amesbury,-,4,637,804,64,"1,505"
Amesbury,-,5,755,"1,163",62,"1,980"
Amesbury,-,6,679,827,78,"1,584"
Andover,-,1,937,890,71,"1,898"
Andover,-,2,"1,079","1,443",107,"2,629"
Andover,-,3,"1,116","1,183",95,"2,394"
Andover,-,4,"1,067","1,332",80,"2,479"
Andover,-,5,"1,188","1,488",90,"2,766"
Andover,-,6,"1,053","1,370",95,"2,518"
Andover,-,7,877,966,76,"1,919"
Andover,-,7A,237,284,15,536
Andover,-,8,"1,043","1,206",113,"2,362"
Andover,-,9,"1,062","1,246",92,"2,400"
Beverly,1,1,744,"1,068",83,"1,895"
Beverly,1,2,881,"1,195",70,"2,146"
Beverly,2,1,"1,135",880,80,"2,095"
Beverly,2,2,"1,127",931,80,"2,138"
Beverly,3,1,929,811,89,"1,829"
Beverly,3,2,767,"1,025",83,"1,875"
Beverly,4,1,611,670,41,"1,322"
Beverly,4,2,"1,247","1,151",82,"2,480"
Beverly,5,1,827,"1,253",90,"2,170"
Beverly,5,2,887,"1,155",94,"2,136"
Beverly,6,1,"1,004","1,228",74,"2,306"
Beverly,6,2,907,"1,339",66,"2,312"
Boxford,-,1,689,"1,074",64,"1,827"
Boxford,-,2,783,"1,117",45,"1,945"
Boxford,-,3,648,"1,101",61,"1,810"
Danvers,-,1,785,"1,287",80,"2,152"
Danvers,-,2,737,"1,301",77,"2,115"
Danvers,-,3,626,"1,153",69,"1,848"
Danvers,-,4,764,"1,325",76,"2,165"
Danvers,-,5,810,"1,389",76,"2,275"
Danvers,-,6,686,"1,443",68,"2,197"
Danvers,-,7,746,"1,394",75,"2,215"
Danvers,-,8,732,"1,275",88,"2,095"
Essex,-,1,"1,171","1,257",100,"2,528"
Georgetown,-,1,"1,420",341,347,"2,108"
Georgetown,-,2,647,"1,072",79,"1,798"
Georgetown,-,3,597,"1,053",59,"1,709"
Gloucester,1,1,882,"1,072",117,"2,071"
Gloucester,1,2,730,949,90,"1,769"
Gloucester,2,1,621,752,83,"1,456"
Gloucester,2,2,580,674,96,"1,350"
Gloucester,3,1,645,808,102,"1,555"
Gloucester,3,2,626,879,86,"1,591"
Gloucester,4,1,721,"1,047",102,"1,870"
Gloucester,4,2,"1,060","1,064",103,"2,227"
Gloucester,5,1,860,"1,257",98,"2,215"
Gloucester,5,2,892,"1,233",84,"2,209"
Groveland,-,1,757,"1,427",79,"2,263"
Groveland,-,2,707,"1,521",75,"2,303"
Hamilton,-,1,801,999,77,"1,877"
Hamilton,-,2,808,914,90,"1,812"
Hamilton,-,3,629,653,57,"1,339"
Haverhill,1,1,441,486,62,989
Haverhill,1,2,720,706,108,"1,534"
Haverhill,1,3,517,742,81,"1,340"
Haverhill,2,1,560,741,67,"1,368"
Haverhill,2,2,546,957,83,"1,586"
Haverhill,2,3,423,452,57,932
Haverhill,3,1,386,397,105,888
Haverhill,3,2,538,567,84,"1,189"
Haverhill,3,3,522,650,68,"1,240"
Haverhill,4,1,594,"1,042",75,"1,711"
Haverhill,4,2,597,"1,256",91,"1,944"
Haverhill,4,3,628,"1,096",82,"1,806"
Haverhill,5,1,596,"1,010",118,"1,724"
Haverhill,5,2,"1,152",619,92,"1,863"
Haverhill,5,3,632,"1,357",71,"2,060"
Haverhill,6,1,585,938,65,"1,588"
Haverhill,6,2,574,961,78,"1,613"
Haverhill,6,3,597,"1,163",76,"1,836"
Haverhill,7,1,685,"1,051",66,"1,802"
Haverhill,7,2,602,883,67,"1,552"
Haverhill,7,3,663,"1,274",70,"2,007"
Ipswich,-,1,"1,129","1,070",122,"2,321"
Ipswich,-,2,"1,114","1,335",129,"2,578"
Ipswich,-,3,881,"1,355",116,"2,352"
Ipswich,-,4,966,"1,391",120,"2,477"
Lawrence,A,1,449,450,130,"1,029"
Lawrence,A,2,342,264,145,751
Lawrence,A,3,417,438,135,990
Lawrence,A,4,483,436,156,"1,075"
Lawrence,B,1,375,354,215,944
Lawrence,B,2,343,260,85,688
Lawrence,B,3,398,346,98,842
Lawrence,B,4,384,263,257,904
Lawrence,C,1,318,301,165,784
Lawrence,C,2,596,493,115,"1,204"
Lawrence,C,3,382,259,135,776
Lawrence,C,4,427,292,180,899
Lawrence,D,1,464,440,127,"1,031"
Lawrence,D,2,381,259,129,769
Lawrence,D,3,269,228,162,659
Lawrence,D,4,366,288,167,821
Lawrence,E,1,521,819,153,"1,493"
Lawrence,E,2,550,786,145,"1,481"
Lawrence,E,3,401,452,82,935
Lawrence,E,4,418,416,200,"1,034"
Lawrence,F,1,568,664,145,"1,377"
Lawrence,F,2,393,282,137,812
Lawrence,F,3,563,405,116,"1,084"
Lawrence,F,4,458,408,119,985
Lynn,1,1,569,"1,253",138,"1,960"
Lynn,1,2,701,"1,266",156,"2,123"
Lynn,1,3,656,983,128,"1,767"
Lynn,1,4,698,875,129,"1,702"
Lynn,2,1,672,"1,212",118,"2,002"
Lynn,2,2,557,546,126,"1,229"
Lynn,2,3,413,398,114,925
Lynn,2,4,392,378,88,858
Lynn,3,1,621,782,110,"1,513"
Lynn,3,2,573,566,113,"1,252"
Lynn,3,3,526,646,136,"1,308"
Lynn,3,4,739,643,116,"1,498"
Lynn,4,1,344,252,90,686
Lynn,4,2,377,321,102,800
Lynn,4,3,508,441,147,"1,096"
Lynn,4,4,681,625,143,"1,449"
Lynn,5,1,535,721,107,"1,363"
Lynn,5,2,335,279,100,714
Lynn,5,3,382,272,104,758
Lynn,5,4,645,617,218,"1,480"
Lynn,6,1,407,466,96,969
Lynn,6,2,363,249,99,711
Lynn,6,3,478,376,171,"1,025"
Lynn,6,4,373,414,151,938
Lynn,7,1,776,988,140,"1,904"
Lynn,7,2,664,779,120,"1,563"
Lynn,7,3,462,542,110,"1,114"
Lynn,7,4,586,612,121,"1,319"
Lynnfield,-,1,651,"1,368",93,"2,112"
Lynnfield,-,2,702,"1,380",96,"2,178"
Lynnfield,-,3,581,"1,229",116,"1,926"
Lynnfield,-,4,594,"1,472",118,"2,184"
Manchester-by-the-Sea,-,1,"1,724","1,947",170,"3,841"
Marblehead,-,1,"1,065","1,282",141,"2,488"
Marblehead,-,2,"1,048","1,263",145,"2,456"
Marblehead,-,3,950,"1,152",110,"2,212"
Marblehead,-,4,966,"1,359",126,"2,451"
Marblehead,-,5,943,"1,273",127,"2,343"
Marblehead,-,6,990,"1,291",112,"2,393"
Merrimac,-,1,730,"1,301",163,"2,194"
Merrimac,-,2,755,"1,316",156,"2,227"
Methuen,-,1,732,"1,145",138,"2,015"
Methuen,-,2,531,594,128,"1,253"
Methuen,-,3,721,"1,261",122,"2,104"
Methuen,-,4,726,"1,143",121,"1,990"
Methuen,-,5,683,"1,056",116,"1,855"
Methuen,-,6,752,"1,170",95,"2,017"
Methuen,-,7,784,"1,462",149,"2,395"
Methuen,-,8,826,"1,753",122,"2,701"
Methuen,-,9,750,"1,563",139,"2,452"
Methuen,-,10,760,"1,185",161,"2,106"
Methuen,-,11,827,"1,705",99,"2,631"
Methuen,-,12,819,"1,626",132,"2,577"
Middleton,-,1,877,"1,910",104,"2,891"
Middleton,-,2,862,"2,047",105,"3,014"
Nahant,-,1,935,"1,423",175,"2,533"
Newbury,-,1,"1,065","1,363",92,"2,520"
Newbury,-,2,942,"1,488",91,"2,521"
Newburyport,1,1,766,778,91,"1,635"
Newburyport,2,1,"1,066",969,91,"2,126"
Newburyport,3,1,"1,111",959,116,"2,186"
Newburyport,4,1,"1,114","1,186",81,"2,381"
Newburyport,5,1,739,"1,123",90,"1,952"
Newburyport,6,1,781,"1,221",92,"2,094"
Newburyport,1,P,189,311,23,523
"N. Andover",-,1,755,"1,201",113,"2,069"
"N. Andover",-,2,815,"1,373",110,"2,298"
"N. Andover",-,3,797,"1,267",87,"2,151"
"N. Andover",-,4,"1,015","1,529",121,"2,665"
"N. Andover",-,5,621,882,60,"1,563"
"N. Andover",-,6,846,"1,537",98,"2,481"
"N. Andover",-,7,995,"1,324",98,"2,417"
"N. Andover",-,8,873,"1,518",87,"2,478"
Peabody,1,1,536,"1,100",98,"1,734"
Peabody,1,2,497,"1,277",102,"1,876"
Peabody,1,3,651,"1,383",72,"2,106"
Peabody,2,1,508,678,109,"1,295"
Peabody,2,2,478,696,59,"1,233"
Peabody,2,3,496,933,91,"1,520"
Peabody,3,1,385,555,121,"1,061"
Peabody,3,2,494,753,108,"1,355"
Peabody,3,3,532,955,70,"1,557"
Peabody,4,1,553,998,110,"1,661"
Peabody,4,2,529,973,95,"1,597"
Peabody,4,3,244,632,51,927
Peabody,4,3A,451,842,142,"1,435"
Peabody,5,1,536,"1,261",103,"1,900"
Peabody,5,2,393,"1,033",89,"1,515"
Peabody,5,3,580,"1,102",76,"1,758"
Peabody,6,1,497,"1,339",98,"1,934"
Peabody,6,2,515,"1,297",104,"1,916"
Peabody,6,3,474,"1,314",93,"1,881"
Rockport,-,1,554,682,68,"1,304"
Rockport,-,2,753,"1,016",73,"1,842"
Rockport,-,3,926,"1,124",113,"2,163"
Rowley,-,1,"1,480","2,592",165,"4,237"
Salem,1,1,"1,039",860,103,"2,002"
Salem,1,2,498,313,83,894
Salem,2,1,"1,167",746,87,"2,000"
Salem,2,2,"1,286",760,94,"2,140"
Salem,3,1,785,693,92,"1,570"
Salem,3,2,612,899,97,"1,608"
Salem,4,1,754,964,69,"1,787"
Salem,4,2,676,"1,090",104,"1,870"
Salem,5,1,"1,025",757,83,"1,865"
Salem,5,2,874,596,131,"1,601"
Salem,6,1,978,836,80,"1,894"
Salem,6,2,969,749,68,"1,786"
Salem,7,1,636,672,64,"1,372"
Salem,7,2,717,915,118,"1,750"
Salisbury,-,1,646,"1,263",107,"2,016"
Salisbury,-,2,552,"1,247",98,"1,897"
Salisbury,-,3,512,"1,111",60,"1,683"
Saugus,-,1,463,903,146,"1,512"
Saugus,-,2,480,851,147,"1,478"
Saugus,-,3,500,905,108,"1,513"
Saugus,-,4,395,872,103,"1,370"
Saugus,-,5,527,"1,166",164,"1,857"
Saugus,-,6,535,916,113,"1,564"
Saugus,-,7,502,"1,146",160,"1,808"
Saugus,-,8,462,911,159,"1,532"
Saugus,-,9,520,"1,150",153,"1,823"
Saugus,-,10,493,813,139,"1,445"
Swampscott,-,1,564,885,96,"1,545"
Swampscott,-,2,868,776,93,"1,737"
Swampscott,-,3,651,665,81,"1,397"
Swampscott,-,4,834,790,92,"1,716"
Swampscott,-,5,677,797,79,"1,553"
Swampscott,-,6,780,855,87,"1,722"
Topsfield,-,1,"1,514","2,386",587,"4,487"
Wenham,-,1,"1,170","1,375",102,"2,647"
"W. Newbury",-,1,"1,391","1,804",103,"3,298"
Ashfield,-,1,705,471,54,"1,230"
Bernardston,-,1,593,678,114,"1,385"
Buckland,-,1,691,472,40,"1,203"
Charlemont,-,1,334,386,29,749
Colrain,-,1,503,473,36,"1,012"
Conway,-,1,767,495,46,"1,308"
Deerfield,-,1,"1,692","1,537",141,"3,370"
Erving,-,1,367,505,64,936
Gill,-,1,410,537,42,989
Greenfield,-,1,504,513,73,"1,090"
Greenfield,-,2,588,621,86,"1,295"
Greenfield,-,3,566,501,68,"1,135"
Greenfield,-,4,662,492,55,"1,209"
Greenfield,-,5,662,375,61,"1,098"
Greenfield,-,6,689,384,130,"1,203"
Greenfield,-,7,426,417,63,906
Greenfield,-,8,525,365,61,951
Greenfield,-,9,387,380,53,820
Hawley,-,1,105,106,20,231
Heath,-,1,220,221,29,470
Leverett,-,1,992,340,58,"1,390"
Leyden,-,1,249,227,27,503
Monroe,-,1,21,35,4,60
Montague,-,1,671,341,44,"1,056"
Montague,-,2,369,436,35,840
Montague,-,3,337,432,21,790
Montague,-,4,384,431,37,852
Montague,-,5,381,224,29,634
Montague,-,6,398,328,27,753
"New Salem",-,1,301,342,38,681
Northfield,-,1,872,882,115,"1,869"
Orange,-,1,646,"1,128",98,"1,872"
Orange,-,2,702,"1,139",103,"1,944"
Rowe,-,1,94,156,19,269
Shelburne,-,1,776,282,184,"1,242"
Shutesbury,-,1,968,329,42,"1,339"
Sunderland,-,1,"1,223",780,58,"2,061"
Warwick,-,1,237,260,29,526
Wendell,-,1,416,174,26,616
Whately,-,1,578,504,34,"1,116"
Agawam,-,1,558,"1,142",84,"1,784"
Agawam,-,2,599,"1,507",109,"2,215"
Agawam,-,3,566,"1,420",126,"2,112"
Agawam,-,4,496,"1,144",88,"1,728"
Agawam,-,5,614,"1,536",100,"2,250"
Agawam,-,6,555,"1,300",88,"1,943"
Agawam,-,7,557,"1,388",97,"2,042"
Agawam,-,8,588,"1,476",124,"2,188"
Blandford,-,1,198,549,34,781
Brimfield,-,1,650,"1,585",114,"2,349"
Chester,-,1,241,477,31,749
Chicopee,1,A,504,918,101,"1,523"
Chicopee,1,B,550,"1,189",110,"1,849"
Chicopee,2,A,405,548,49,"1,002"
Chicopee,2,B,487,"1,110",114,"1,711"
Chicopee,3,A,481,812,108,"1,401"
Chicopee,3,B,423,652,77,"1,152"
Chicopee,4,A,451,799,76,"1,326"
Chicopee,4,B,422,750,109,"1,281"
Chicopee,5,A,484,891,108,"1,483"
Chicopee,5,B,421,846,80,"1,347"
Chicopee,6,AN,114,268,14,396
Chicopee,6,AS,266,563,68,897
Chicopee,6,BE,384,"1,104",54,"1,542"
Chicopee,6,BW,85,232,29,346
Chicopee,7,A,393,614,79,"1,086"
Chicopee,7,B,450,756,76,"1,282"
Chicopee,8,A,517,942,92,"1,551"
Chicopee,8,B,411,912,57,"1,380"
Chicopee,9,A,480,960,89,"1,529"
Chicopee,9,B,578,"1,164",100,"1,842"
"E. Longmeadow",-,1,798,"1,629",173,"2,600"
"E. Longmeadow",-,2,753,"1,469",132,"2,354"
"E. Longmeadow",-,3,770,"1,624",182,"2,576"
"E. Longmeadow",-,4,739,"1,733",169,"2,641"
Granville,-,1,749,225,28,"1,002"
Hampden,-,1,882,"2,272",221,"3,375"
Holland,-,1,487,968,103,"1,558"
Holyoke,1,A,284,248,119,651
Holyoke,1,B,345,298,160,803
Holyoke,2,A,303,378,94,775
Holyoke,2,B,262,271,166,699
Holyoke,3,A,511,577,152,"1,240"
Holyoke,3,B,541,836,106,"1,483"
Holyoke,4,A,315,260,85,660
Holyoke,4,B,481,437,124,"1,042"
Holyoke,5,A,647,"1,201",103,"1,951"
Holyoke,5,B,467,692,167,"1,326"
Holyoke,6,A,476,534,84,"1,094"
Holyoke,6,B,603,658,110,"1,371"
Holyoke,7,A,749,966,120,"1,835"
Holyoke,7,B,800,655,98,"1,553"
Longmeadow,-,A,897,"1,132",97,"2,126"
Longmeadow,-,B,779,"1,054",95,"1,928"
Longmeadow,-,C,878,"1,266",104,"2,248"
Longmeadow,-,D,750,"1,182",94,"2,026"
Longmeadow,-,E,794,"1,225",109,"2,128"
Ludlow,-,1,558,"1,336",126,"2,020"
Ludlow,-,2,499,881,90,"1,470"
Ludlow,-,3,622,"1,536",113,"2,271"
Ludlow,-,4,543,"1,231",124,"1,898"
Ludlow,-,5,425,"1,010",68,"1,503"
Ludlow,-,6,597,"1,531",163,"2,291"
Monson,-,A,473,"1,134",106,"1,713"
Monson,-,B,496,"1,114",112,"1,722"
Monson,-,C,529,"1,139",102,"1,770"
Montgomery,-,1,153,398,14,565
Palmer,-,1,460,"1,036",105,"1,601"
Palmer,-,1A,58,147,15,220
Palmer,-,2,486,"1,193",90,"1,769"
Palmer,-,3,475,847,69,"1,391"
Palmer,-,4,407,"1,010",125,"1,542"
Russell,-,1,246,631,52,929
Southwick,-,1,541,"1,506",99,"2,146"
Southwick,-,2,497,"1,164",60,"1,721"
Southwick,-,3,483,"1,334",84,"1,901"
Springfield,1,A,187,218,135,540
Springfield,1,B,253,340,137,730
Springfield,1,C,196,201,121,518
Springfield,1,D,247,252,120,619
Springfield,1,E,331,279,115,725
Springfield,1,F,239,242,148,629
Springfield,1,G,288,281,124,693
Springfield,1,H,326,250,124,700
Springfield,2,A,274,347,86,707
Springfield,2,B,392,534,129,"1,055"
Springfield,2,C,277,374,113,764
Springfield,2,D,321,570,133,"1,024"
Springfield,2,E,324,568,124,"1,016"
Springfield,2,F,409,552,155,"1,116"
Springfield,2,G,412,650,151,"1,213"
Springfield,2,H,347,566,126,"1,039"
Springfield,3,A,238,222,95,555
Springfield,3,B,196,218,111,525
Springfield,3,C,200,196,35,431
Springfield,3,D,217,280,115,612
Springfield,3,E,185,213,96,494
Springfield,3,F,244,252,80,576
Springfield,3,G,209,214,62,485
Springfield,3,H,265,281,126,672
Springfield,4,A,397,351,86,834
Springfield,4,B,302,373,131,806
Springfield,4,C,248,266,89,603
Springfield,4,D,272,285,117,674
Springfield,4,E,231,271,122,624
Springfield,4,F,88,112,29,229
Springfield,4,G,300,350,128,778
Springfield,4,H,256,305,139,700
Springfield,5,A,294,361,110,765
Springfield,5,B,382,567,97,"1,046"
Springfield,5,C,296,488,123,907
Springfield,5,D,435,750,110,"1,295"
Springfield,5,E,494,626,128,"1,248"
Springfield,5,F,402,594,157,"1,153"
Springfield,5,G,445,820,149,"1,414"
Springfield,5,H,317,536,105,958
Springfield,6,A,331,301,87,719
Springfield,6,B,414,501,189,"1,104"
Springfield,6,C,359,463,149,971
Springfield,6,D,466,699,133,"1,298"
Springfield,6,E,279,308,148,735
Springfield,6,F,328,372,102,802
Springfield,6,G,370,456,114,940
Springfield,6,H,423,567,89,"1,079"
Springfield,7,A,393,640,147,"1,180"
Springfield,7,B,520,731,178,"1,429"
Springfield,7,C,451,768,151,"1,370"
Springfield,7,D,383,718,140,"1,241"
Springfield,7,E,306,461,95,862
Springfield,7,F,435,765,136,"1,336"
Springfield,7,G,426,907,114,"1,447"
Springfield,7,H,208,347,58,613
Springfield,8,A,370,556,116,"1,042"
Springfield,8,B,408,493,146,"1,047"
Springfield,8,C,328,471,158,957
Springfield,8,D,239,302,53,594
Springfield,8,E,275,341,94,710
Springfield,8,F,386,548,105,"1,039"
Springfield,8,G,376,578,80,"1,034"
Springfield,8,H,362,497,101,960
Tolland,-,1,89,225,14,328
Wales,-,1,288,754,50,"1,092"
"W. Springfield",-,1,321,499,106,926
"W. Springfield",-,2,439,643,128,"1,210"
"W. Springfield",-,3,494,929,116,"1,539"
"W. Springfield",-,4,593,"1,046",96,"1,735"
"W. Springfield",-,5,665,"1,517",121,"2,303"
"W. Springfield",-,6,585,"1,395",127,"2,107"
"W. Springfield",-,7,614,"1,473",161,"2,248"
"W. Springfield",-,8,516,894,123,"1,533"
Westfield,1,A,620,"1,405",110,"2,135"
Westfield,1,B,541,"1,268",104,"1,913"
Westfield,2,A,406,633,88,"1,127"
Westfield,2,B,519,923,88,"1,530"
Westfield,3,A,424,605,73,"1,102"
Westfield,3,B,622,979,129,"1,730"
Westfield,4,A,188,462,37,687
Westfield,4,B,663,"1,526",123,"2,312"
Westfield,5,A,659,"1,567",113,"2,339"
Westfield,5,B,616,"1,516",116,"2,248"
Westfield,6,A,624,"1,294",97,"2,015"
Westfield,6,B,488,"1,071",87,"1,646"
Wilbraham,-,A,734,"1,554",134,"2,422"
Wilbraham,-,B,749,"1,448",114,"2,311"
Wilbraham,-,C,733,"1,489",98,"2,320"
Wilbraham,-,D,745,"1,549",105,"2,399"
Amherst,-,1,811,187,41,"1,039"
Amherst,-,2,"1,018",327,81,"1,426"
Amherst,-,3,405,119,10,534
Amherst,-,4,349,122,24,495
Amherst,-,5,771,310,68,"1,149"
Amherst,-,6,"1,290",414,62,"1,766"
Amherst,-,7,"1,252",404,84,"1,740"
Amherst,-,8,"1,427",431,75,"1,933"
Amherst,-,9,974,233,51,"1,258"
Amherst,-,10,452,104,17,573
Belchertown,-,A,"1,014","1,233",122,"2,369"
Belchertown,-,B,912,"1,374",161,"2,447"
Belchertown,-,C,893,"1,486",127,"2,506"
Belchertown,-,D,"1,158","1,081",130,"2,369"
Chesterfield,-,1,351,450,32,833
Cummington,-,1,289,286,21,596
Easthampton,-,1,"1,031",874,61,"1,966"
Easthampton,-,2,"1,311",798,66,"2,175"
Easthampton,-,3,"1,181",769,59,"2,009"
Easthampton,-,4,"1,366",845,72,"2,283"
Easthampton,-,5,874,"1,268",73,"2,215"
Goshen,-,1,287,361,25,673
Granby,-,1,782,"1,150",135,"2,067"
Granby,-,2,590,"1,159",161,"1,910"
Hadley,-,1,"1,862","1,488",165,"3,515"
Hatfield,-,1,"1,100","1,131",92,"2,323"
Huntington,-,1,425,740,58,"1,223"
Middlefield,-,1,133,185,17,335
Northampton,1,A,778,260,63,"1,101"
Northampton,1,B,"1,019",448,55,"1,522"
Northampton,2,A,"1,010",227,53,"1,290"
Northampton,2,B,692,174,22,888
Northampton,3,A,"1,045",308,50,"1,403"
Northampton,3,B,959,315,61,"1,335"
Northampton,4,A,764,206,37,"1,007"
Northampton,4,B,964,243,32,"1,239"
Northampton,5,A,771,368,62,"1,201"
Northampton,5,B,891,349,25,"1,265"
Northampton,6,A,719,580,54,"1,353"
Northampton,6,B,964,525,50,"1,539"
Northampton,7,A,932,460,57,"1,449"
Northampton,7,B,869,496,59,"1,424"
Pelham,-,1,656,237,37,930
Plainfield,-,1,249,181,16,446
"S. Hadley",-,A,908,"1,099",78,"2,085"
"S. Hadley",-,B,941,"1,169",105,"2,215"
"S. Hadley",-,C,848,"1,281",104,"2,233"
"S. Hadley",-,D,711,556,40,"1,307"
"S. Hadley",-,E,901,"1,255",106,"2,262"
Southampton,-,1,"1,454","2,503",264,"4,221"
Ware,-,A,427,839,67,"1,333"
Ware,-,B,414,"1,104",89,"1,607"
Ware,-,C,559,"1,384",97,"2,040"
Westhampton,-,1,536,618,45,"1,199"
Williamsburg,-,1,"1,130",649,56,"1,835"
Worthington,-,1,405,436,35,876
Acton,-,1,"1,293",893,81,"2,267"
Acton,-,2,"1,370","1,004",55,"2,429"
Acton,-,3,"1,354",895,52,"2,301"
Acton,-,4,"1,532",942,70,"2,544"
Acton,-,5,"1,396",921,71,"2,388"
Acton,-,6,"1,224",797,68,"2,089"
Arlington,-,1,662,339,68,"1,069"
Arlington,-,2,918,479,47,"1,444"
Arlington,-,3,993,353,52,"1,398"
Arlington,-,4,908,365,45,"1,318"
Arlington,-,5,866,427,39,"1,332"
Arlington,-,6,825,419,45,"1,289"
Arlington,-,7,835,396,46,"1,277"
Arlington,-,8,"1,017",421,43,"1,481"
Arlington,-,9,722,490,68,"1,280"
Arlington,-,10,964,453,40,"1,457"
Arlington,-,11,855,569,51,"1,475"
Arlington,-,12,970,546,46,"1,562"
Arlington,-,13,657,697,46,"1,400"
Arlington,-,14,818,462,52,"1,332"
Arlington,-,15,880,569,54,"1,503"
Arlington,-,16,820,460,41,"1,321"
Arlington,-,17,765,441,66,"1,272"
Arlington,-,18,774,639,47,"1,460"
Arlington,-,19,805,561,43,"1,409"
Arlington,-,20,819,453,60,"1,332"
Arlington,-,21,851,439,58,"1,348"
Ashby,-,1,691,"1,254",87,"2,032"
Ashland,-,1,905,"1,011",85,"2,001"
Ashland,-,2,"1,054","1,038",93,"2,185"
Ashland,-,3,956,"1,003",70,"2,029"
Ashland,-,4,902,"1,012",83,"1,997"
Ashland,-,5,"1,083","1,162",107,"2,352"
Ayer,-,1,975,"1,137",76,"2,188"
Ayer,-,2,"1,071","1,311",83,"2,465"
Bedford,-,1,"1,278","1,020",90,"2,388"
Bedford,-,2,"1,066","1,017",95,"2,178"
Bedford,-,3,"1,187","1,001",98,"2,286"
Bedford,-,4,"1,077",895,78,"2,050"
Belmont,-,1,"1,157",704,98,"1,959"
Belmont,-,2,"1,110",902,109,"2,121"
Belmont,-,3,"1,046",731,98,"1,875"
Belmont,-,4,939,625,94,"1,658"
Belmont,-,5,"1,076",677,94,"1,847"
Belmont,-,6,"1,191",628,95,"1,914"
Belmont,-,7,"1,189",662,108,"1,959"
Belmont,-,8,"1,139",904,116,"2,159"
Billerica,-,1,882,"1,272",157,"2,311"
Billerica,-,2,800,"1,370",94,"2,264"
Billerica,-,3,831,"1,330",109,"2,270"
Billerica,-,4,646,"1,188",93,"1,927"
Billerica,-,5,741,"1,523",128,"2,392"
Billerica,-,6,892,"1,332",75,"2,299"
Billerica,-,7,801,"1,213",104,"2,118"
Billerica,-,8,804,"1,486",113,"2,403"
Billerica,-,9,657,"1,492",89,"2,238"
Billerica,-,10,753,"1,463",123,"2,339"
Billerica,-,11,802,"1,334",81,"2,217"
Boxborough,-,1,"1,843","1,456",141,"3,440"
Burlington,-,1,928,"1,408",118,"2,454"
Burlington,-,2,731,828,76,"1,635"
Burlington,-,3,836,"1,299",126,"2,261"
Burlington,-,4,805,"1,082",129,"2,016"
Burlington,-,5,887,"1,331",122,"2,340"
Burlington,-,6,853,"1,336",107,"2,296"
Burlington,-,7,"1,031","1,265",133,"2,429"
Cambridge,1,1,"1,476",584,114,"2,174"
Cambridge,1,2,"1,145",429,116,"1,690"
Cambridge,1,3,"1,221",459,175,"1,855"
Cambridge,2,1,"1,045",442,153,"1,640"
Cambridge,2,2,266,34,23,323
Cambridge,2,3,651,218,48,917
Cambridge,3,1,"1,217",418,156,"1,791"
Cambridge,3,2,771,177,66,"1,014"
Cambridge,3,2A,569,158,61,788
Cambridge,3,3,"1,182",271,125,"1,578"
Cambridge,4,1,"1,488",367,134,"1,989"
Cambridge,4,2,"1,538",359,130,"2,027"
Cambridge,4,3,513,116,48,677
Cambridge,5,1,"1,363",316,126,"1,805"
Cambridge,5,2,"1,394",402,118,"1,914"
Cambridge,5,3,"1,098",239,67,"1,404"
Cambridge,6,1,"1,524",328,119,"1,971"
Cambridge,6,2,"1,436",266,92,"1,794"
Cambridge,6,3,"1,474",408,91,"1,973"
Cambridge,7,1,"1,468",297,80,"1,845"
Cambridge,7,2,677,187,62,926
Cambridge,7,3,435,94,24,553
Cambridge,8,1,997,232,70,"1,299"
Cambridge,8,2,927,283,79,"1,289"
Cambridge,8,3,241,40,14,295
Cambridge,9,1,"1,640",501,111,"2,252"
Cambridge,9,2,"1,728",591,156,"2,475"
Cambridge,9,3,"1,300",554,93,"1,947"
Cambridge,10,1,"1,781",378,84,"2,243"
Cambridge,10,2,"1,602",414,109,"2,125"
Cambridge,10,3,"1,269",463,139,"1,871"
Cambridge,11,1,"1,466",598,281,"2,345"
Cambridge,11,2,"1,823",443,85,"2,351"
Cambridge,11,3,"1,392",434,73,"1,899"
Carlisle,-,1,"2,095","1,415",160,"3,670"
Chelmsford,-,1,"1,103","1,295",105,"2,503"
Chelmsford,-,2,925,"1,262",118,"2,305"
Chelmsford,-,3,913,"1,417",103,"2,433"
Chelmsford,-,4,936,"1,375",119,"2,430"
Chelmsford,-,5,"1,072","1,343",108,"2,523"
Chelmsford,-,6,"1,032","1,416",102,"2,550"
Chelmsford,-,7,"1,029","1,513",78,"2,620"
Chelmsford,-,8,"1,001","1,354",108,"2,463"
Chelmsford,-,9,"1,137","1,415",107,"2,659"
Concord,-,1,"1,399",860,106,"2,365"
Concord,-,2,"1,687",992,106,"2,785"
Concord,-,3,"1,430","1,017",128,"2,575"
Concord,-,4,"1,732","1,062",115,"2,909"
Concord,-,5,"1,041",642,74,"1,757"
Dracut,-,1,574,"1,044",147,"1,765"
Dracut,-,2,472,992,127,"1,591"
Dracut,-,3,578,"1,210",150,"1,938"
Dracut,-,4,713,"1,490",224,"2,427"
Dracut,-,5,574,143,"1,239","1,956"
Dracut,-,6,583,"1,106",142,"1,831"
Dracut,-,6A,17,51,4,72
Dracut,-,7,603,"1,076",153,"1,832"
Dracut,-,8,724,"1,750",153,"2,627"
Dracut,-,9,618,"1,231",139,"1,988"
Dunstable,-,1,796,"1,229",178,"2,203"
Everett,1,1,478,529,129,"1,136"
Everett,1,2,490,464,116,"1,070"
Everett,2,1,552,604,115,"1,271"
Everett,2,2,461,456,120,"1,037"
Everett,3,1,595,707,126,"1,428"
Everett,3,2,529,586,123,"1,238"
Everett,4,1,565,656,137,"1,358"
Everett,4,2,491,512,120,"1,123"
Everett,5,1,546,602,122,"1,270"
Everett,5,2,549,478,122,"1,149"
Everett,6,1,656,635,103,"1,394"
Everett,6,2,653,623,143,"1,419"
Framingham,-,1,"1,123","1,277",119,"2,519"
Framingham,-,2,"1,446","1,465",73,"2,984"
Framingham,-,3,980,"1,071",100,"2,151"
Framingham,-,4,"1,210","1,223",77,"2,510"
Framingham,-,5,"1,115","1,189",75,"2,379"
Framingham,-,6,"1,023","1,247",82,"2,352"
Framingham,-,7,"1,048","1,074",84,"2,206"
Framingham,-,8,991,"1,030",95,"2,116"
Framingham,-,9,752,754,79,"1,585"
Framingham,-,10,677,563,58,"1,298"
Framingham,-,11,"1,171","1,288",93,"2,552"
Framingham,-,12,595,525,41,"1,161"
Framingham,-,13,774,674,91,"1,539"
Framingham,-,14,608,465,72,"1,145"
Framingham,-,15,592,561,86,"1,239"
Framingham,-,16,377,269,53,699
Framingham,-,17,378,270,64,712
Framingham,-,18,525,503,60,"1,088"
Groton,-,1,"1,193","1,267",74,"2,534"
Groton,-,2,"1,099","1,283",66,"2,448"
Groton,-,3,"1,054","1,212",108,"2,374"
Holliston,-,1,"1,114","1,391",89,"2,594"
Holliston,-,2,"1,097","1,261",75,"2,433"
Holliston,-,3,"1,142","1,215",89,"2,446"
Holliston,-,4,908,"1,204",82,"2,194"
Hopkinton,-,1,"1,408","1,380",112,"2,900"
Hopkinton,-,2,"1,122","1,380",74,"2,576"
Hopkinton,-,3,"1,046","1,285",70,"2,401"
Hopkinton,-,4,"1,176","1,228",73,"2,477"
Hudson,-,1,721,944,92,"1,757"
Hudson,-,2,651,733,52,"1,436"
Hudson,-,3,644,"1,056",87,"1,787"
Hudson,-,4,776,978,68,"1,822"
Hudson,-,5,864,"1,174",93,"2,131"
Hudson,-,6,552,732,57,"1,341"
Hudson,-,7,598,711,70,"1,379"
Lexington,-,1,"1,154",692,111,"1,957"
Lexington,-,2,"1,558",753,86,"2,397"
Lexington,-,3,"1,221",684,109,"2,014"
Lexington,-,4,"1,379",829,97,"2,305"
Lexington,-,5,"1,364",963,114,"2,441"
Lexington,-,6,"1,346",850,87,"2,283"
Lexington,-,7,"1,297",884,109,"2,290"
Lexington,-,8,"1,260",785,130,"2,175"
Lexington,-,9,"1,384",834,88,"2,306"
Lincoln,-,1,"1,622",829,125,"2,576"
Lincoln,-,2,"1,046",602,76,"1,724"
Littleton,-,1,"1,151","1,212",72,"2,435"
Littleton,-,2,"1,008","1,111",80,"2,199"
Littleton,-,3,"1,006","1,004",78,"2,088"
Lowell,1,1,483,430,87,"1,000"
Lowell,1,2,788,"1,267",90,"2,145"
Lowell,1,3,761,"1,032",59,"1,852"
Lowell,2,1,299,131,55,485
Lowell,2,2,489,320,134,943
Lowell,2,3,"1,002",495,128,"1,625"
Lowell,3,1,524,485,106,"1,115"
Lowell,3,2,478,327,129,934
Lowell,3,3,512,369,66,947
Lowell,4,1,582,557,77,"1,216"
Lowell,4,2,402,307,44,753
Lowell,4,3,492,351,98,941
Lowell,5,1,528,511,58,"1,097"
Lowell,5,2,449,385,68,902
Lowell,5,3,525,648,88,"1,261"
Lowell,6,1,658,797,141,"1,596"
Lowell,6,2,731,829,96,"1,656"
Lowell,6,3,637,682,188,"1,507"
Lowell,7,1,438,307,68,813
Lowell,7,2,578,325,71,974
Lowell,7,3,355,244,72,671
Lowell,8,1,576,497,65,"1,138"
Lowell,8,2,630,630,95,"1,355"
Lowell,8,3,728,927,121,"1,776"
Lowell,9,1,524,504,103,"1,131"
Lowell,9,2,639,700,66,"1,405"
Lowell,9,3,578,609,59,"1,246"
Lowell,10,1,507,476,101,"1,084"
Lowell,10,2,384,366,42,792
Lowell,10,3,321,277,41,639
Lowell,11,1,604,574,98,"1,276"
Lowell,11,2,547,757,103,"1,407"
Lowell,11,3,558,661,81,"1,300"
Malden,1,1,658,432,253,"1,343"
Malden,1,2,684,629,328,"1,641"
Malden,2,1,612,522,208,"1,342"
Malden,2,2,658,596,296,"1,550"
Malden,3,1,986,569,247,"1,802"
Malden,3,2,979,743,284,"2,006"
Malden,4,1,655,456,228,"1,339"
Malden,4,2,637,359,216,"1,212"
Malden,5,1,772,589,247,"1,608"
Malden,5,2,890,903,362,"2,155"
Malden,6,1,822,710,287,"1,819"
Malden,6,2,626,693,320,"1,639"
Malden,7,1,595,436,278,"1,309"
Malden,7,2,571,534,352,"1,457"
Malden,8,1,760,730,313,"1,803"
Malden,8,2,747,696,289,"1,732"
Marlborough,1,1,486,695,95,"1,276"
Marlborough,1,2,736,"1,042",83,"1,861"
Marlborough,2,1,618,818,78,"1,514"
Marlborough,2,2,548,676,68,"1,292"
Marlborough,3,1,470,516,73,"1,059"
Marlborough,3,2,821,"1,031",79,"1,931"
Marlborough,4,1,364,471,60,895
Marlborough,4,2,661,919,77,"1,657"
Marlborough,5,1,436,458,59,953
Marlborough,5,2,672,790,78,"1,540"
Marlborough,6,1,504,528,44,"1,076"
Marlborough,6,2,723,917,85,"1,725"
Marlborough,7,1,511,722,69,"1,302"
Marlborough,7,2,474,688,50,"1,212"
Maynard,-,1,917,763,61,"1,741"
Maynard,-,2,893,696,47,"1,636"
Maynard,-,3,969,811,66,"1,846"
Maynard,-,4,819,696,65,"1,580"
Medford,1,1,923,869,121,"1,913"
Medford,1,2,"1,006",884,135,"2,025"
Medford,2,1,942,"1,017",95,"2,054"
Medford,2,2,"1,008","1,146",113,"2,267"
Medford,3,1,908,"1,090",141,"2,139"
Medford,3,2,"1,109","1,172",88,"2,369"
Medford,4,1,709,312,38,"1,059"
Medford,4,2,"1,262",799,117,"2,178"
Medford,5,1,"1,354",666,69,"2,089"
Medford,5,2,"1,057",512,116,"1,685"
Medford,6,1,"1,465",874,104,"2,443"
Medford,6,2,"1,087",949,119,"2,155"
Medford,7,1,673,540,87,"1,300"
Medford,7,2,"1,202",852,145,"2,199"
Medford,8,1,"1,173",949,159,"2,281"
Medford,8,2,993,811,117,"1,921"
Melrose,1,1,674,559,79,"1,312"
Melrose,1,2,650,538,78,"1,266"
Melrose,2,1,548,792,63,"1,403"
Melrose,2,2,512,658,67,"1,237"
Melrose,3,1,617,585,62,"1,264"
Melrose,3,2,558,567,75,"1,200"
Melrose,4,1,632,548,50,"1,230"
Melrose,4,2,558,833,85,"1,476"
Melrose,5,1,706,655,86,"1,447"
Melrose,5,2,666,509,70,"1,245"
Melrose,6,1,594,623,107,"1,324"
Melrose,6,2,523,738,76,"1,337"
Melrose,7,1,624,577,57,"1,258"
Melrose,7,2,645,624,70,"1,339"
Natick,-,1,718,631,89,"1,438"
Natick,-,2,"1,110","1,115",137,"2,362"
Natick,-,3,976,"1,142",116,"2,234"
Natick,-,4,"1,111",933,88,"2,132"
Natick,-,5,"1,014","1,071",107,"2,192"
Natick,-,6,"1,007","1,065",94,"2,166"
Natick,-,7,"1,173","1,021",77,"2,271"
Natick,-,8,"1,208","1,037",99,"2,344"
Natick,-,9,"1,133",916,105,"2,154"
Natick,-,10,"1,295","1,235",119,"2,649"
Newton,1,1,802,622,87,"1,511"
Newton,1,2,"1,028",423,77,"1,528"
Newton,1,3,"1,073",468,93,"1,634"
Newton,1,4,812,678,119,"1,609"
Newton,2,1,965,624,72,"1,661"
Newton,2,2,698,380,65,"1,143"
Newton,2,3,"1,174",584,80,"1,838"
Newton,2,4,"1,210",506,90,"1,806"
Newton,3,1,"1,040",609,94,"1,743"
Newton,3,2,"1,080",576,83,"1,739"
Newton,3,3,990,628,99,"1,717"
Newton,3,4,950,682,73,"1,705"
Newton,4,1,"1,007",540,72,"1,619"
Newton,4,2,892,448,94,"1,434"
Newton,4,3,618,394,81,"1,093"
Newton,4,4,926,566,76,"1,568"
Newton,5,1,921,551,71,"1,543"
Newton,5,2,"1,028",502,88,"1,618"
Newton,5,3,"1,281",585,85,"1,951"
Newton,5,4,"1,189",579,89,"1,857"
Newton,6,1,871,568,105,"1,544"
Newton,6,2,"1,095",475,69,"1,639"
Newton,6,3,"1,211",467,88,"1,766"
Newton,6,4,"1,312",517,83,"1,912"
Newton,7,1,799,587,98,"1,484"
Newton,7,2,"1,210",611,79,"1,900"
Newton,7,3,325,183,27,535
Newton,7,4,472,318,52,842
Newton,8,1,983,837,106,"1,926"
Newton,8,2,893,783,115,"1,791"
Newton,8,3,980,655,135,"1,770"
Newton,8,4,580,499,66,"1,145"
"N. Reading",-,1,820,"1,583",209,"2,612"
"N. Reading",-,2,840,"1,380",191,"2,411"
"N. Reading",-,3,840,"1,426",189,"2,455"
"N. Reading",-,4,802,"1,548",179,"2,529"
Pepperell,-,1,840,"1,570",81,"2,491"
Pepperell,-,2,928,"1,532",83,"2,543"
Pepperell,-,3,814,"1,444",60,"2,318"
Reading,-,1,944,"1,267",108,"2,319"
Reading,-,2,814,"1,105",133,"2,052"
Reading,-,3,901,"1,484",160,"2,545"
Reading,-,4,931,"1,073",110,"2,114"
Reading,-,5,977,"1,020",119,"2,116"
Reading,-,6,710,917,102,"1,729"
Reading,-,7,908,"1,103",137,"2,148"
Reading,-,8,773,"1,179",154,"2,106"
Sherborn,-,1,"1,501","1,355",135,"2,991"
Shirley,-,1,"1,475","2,118",124,"3,717"
Somerville,1,1,880,415,80,"1,375"
Somerville,1,2,"1,491",680,93,"2,264"
Somerville,1,3,899,445,110,"1,454"
Somerville,2,1,"1,497",394,69,"1,960"
Somerville,2,2,"1,851",362,83,"2,296"
Somerville,2,3,"1,758",425,99,"2,282"
Somerville,3,1,"1,449",444,100,"1,993"
Somerville,3,2,"1,490",471,76,"2,037"
Somerville,3,3,"1,812",448,90,"2,350"
Somerville,4,1,784,523,111,"1,418"
Somerville,4,2,"1,122",475,101,"1,698"
Somerville,4,3,"1,362",509,112,"1,983"
Somerville,5,1,"1,568",562,81,"2,211"
Somerville,5,2,"1,874",503,85,"2,462"
Somerville,5,3,"1,850",427,61,"2,338"
Somerville,6,1,"2,026",439,100,"2,565"
Somerville,6,2,"1,873",387,76,"2,336"
Somerville,6,3,901,271,51,"1,223"
Somerville,7,1,"1,740",474,58,"2,272"
Somerville,7,2,"1,264",527,123,"1,914"
Somerville,7,3,"1,272",595,81,"1,948"
Stoneham,-,1,731,"1,086",134,"1,951"
Stoneham,-,2,906,"1,198",160,"2,264"
Stoneham,-,3,723,"1,414",133,"2,270"
Stoneham,-,4,652,"1,047",148,"1,847"
Stoneham,-,5,686,"1,202",186,"2,074"
Stoneham,-,6,800,"1,132",152,"2,084"
Stoneham,-,7,750,"1,050",146,"1,946"
Stow,-,1,"1,331","1,166",60,"2,557"
Stow,-,2,"1,348","1,022",70,"2,440"
Sudbury,-,1,948,841,51,"1,840"
Sudbury,-,1A,338,314,20,672
Sudbury,-,2,"1,195","1,028",86,"2,309"
Sudbury,-,3,"1,302","1,378",102,"2,782"
Sudbury,-,4,"1,357","1,118",96,"2,571"
Sudbury,-,5,"1,130","1,117",66,"2,313"
Tewksbury,-,1,703,"1,383",82,"2,168"
Tewksbury,-,1A,718,"1,620",105,"2,443"
Tewksbury,-,2,724,"1,428",70,"2,222"
Tewksbury,-,2A,680,"1,381",54,"2,115"
Tewksbury,-,3,905,"1,620",95,"2,620"
Tewksbury,-,3A,880,"1,790",74,"2,744"
Tewksbury,-,4,788,"1,641",92,"2,521"
Tewksbury,-,4A,780,"1,557",73,"2,410"
Townsend,-,1,526,"1,209",78,"1,813"
Townsend,-,2,564,"1,157",80,"1,801"
Townsend,-,3,568,"1,257",56,"1,881"
Tyngsborough,-,1,649,"1,034",83,"1,766"
Tyngsborough,-,2,642,"1,133",108,"1,883"
Tyngsborough,-,3,742,"1,105",128,"1,975"
Tyngsborough,-,4,719,"1,152",109,"1,980"
Wakefield,-,1,831,"1,545",202,"2,578"
Wakefield,-,2,866,"1,186",151,"2,203"
Wakefield,-,3,886,"1,297",196,"2,379"
Wakefield,-,4,821,"1,275",138,"2,234"
Wakefield,-,5,977,"1,329",152,"2,458"
Wakefield,-,6,995,"1,363",163,"2,521"
Wakefield,-,7,817,"1,355",164,"2,336"
Waltham,1,1,923,"1,056",104,"2,083"
Waltham,1,2,860,"1,188",162,"2,210"
Waltham,2,1,994,969,125,"2,088"
Waltham,2,2,824,641,109,"1,574"
Waltham,3,1,801,"1,213",173,"2,187"
Waltham,3,2,852,"1,057",121,"2,030"
Waltham,4,1,894,"1,097",121,"2,112"
Waltham,4,2,214,245,32,491
Waltham,5,1,843,835,142,"1,820"
Waltham,5,2,923,625,111,"1,659"
Waltham,6,1,879,624,113,"1,616"
Waltham,6,2,488,438,83,"1,009"
Waltham,7,1,833,868,111,"1,812"
Waltham,7,2,368,216,40,624
Waltham,8,1,905,575,85,"1,565"
Waltham,8,2,940,587,109,"1,636"
Waltham,9,1,776,477,91,"1,344"
Waltham,9,2,680,413,122,"1,215"
Watertown,-,1,750,477,83,"1,310"
Watertown,-,2,882,491,85,"1,458"
Watertown,-,3,"1,039",491,81,"1,611"
Watertown,-,4,"1,104",567,74,"1,745"
Watertown,-,5,"1,131",637,61,"1,829"
Watertown,-,6,904,522,80,"1,506"
Watertown,-,7,"1,008",676,86,"1,770"
Watertown,-,8,997,627,81,"1,705"
Watertown,-,9,740,502,92,"1,334"
Watertown,-,10,"1,075",963,91,"2,129"
Watertown,-,11,725,688,75,"1,488"
Watertown,-,12,749,618,66,"1,433"
Wayland,-,1,"1,328",922,114,"2,364"
Wayland,-,2,"1,244",932,120,"2,296"
Wayland,-,3,"1,117",969,56,"2,142"
Wayland,-,4,"1,273","1,185",130,"2,588"
Westford,-,1,"1,211","1,353",83,"2,647"
Westford,-,2,"1,245","1,330",100,"2,675"
Westford,-,3,"1,135","1,323",61,"2,519"
Westford,-,4,"1,417","1,180",82,"2,679"
Westford,-,5,"1,105","1,269",104,"2,478"
Westford,-,6,"1,095","1,211",79,"2,385"
Weston,-,1,"1,010",796,95,"1,901"
Weston,-,2,869,752,96,"1,717"
Weston,-,3,783,826,85,"1,694"
Weston,-,4,880,841,107,"1,828"
Wilmington,-,1,845,"1,440",142,"2,427"
Wilmington,-,2,811,"1,426",113,"2,350"
Wilmington,-,3,886,"1,428",128,"2,442"
Wilmington,-,4,800,"1,623",127,"2,550"
Wilmington,-,5,923,"1,527",127,"2,577"
Wilmington,-,6,900,"1,530",140,"2,570"
Winchester,-,1,938,750,100,"1,788"
Winchester,-,2,763,707,101,"1,571"
Winchester,-,3,"1,035",765,101,"1,901"
Winchester,-,4,897,886,108,"1,891"
Winchester,-,5,763,948,110,"1,821"
Winchester,-,6,780,901,110,"1,791"
Winchester,-,7,910,816,108,"1,834"
Winchester,-,8,604,654,117,"1,375"
Woburn,1,1,492,737,105,"1,334"
Woburn,1,2,641,849,119,"1,609"
Woburn,2,1,618,804,113,"1,535"
Woburn,2,2,504,601,101,"1,206"
Woburn,3,1,569,845,114,"1,528"
Woburn,3,2,609,"1,140",151,"1,900"
Woburn,4,1,589,"1,059",170,"1,818"
Woburn,4,2,571,751,126,"1,448"
Woburn,5,1,834,909,152,"1,895"
Woburn,5,2,607,"1,042",153,"1,802"
Woburn,6,1,441,579,91,"1,111"
Woburn,6,2,586,968,151,"1,705"
Woburn,7,1,621,"1,131",160,"1,912"
Woburn,7,2,592,"1,077",139,"1,808"
Nantucket,-,1,"3,007","3,670",661,"7,338"
Avon,-,1,907,"1,588",228,"2,723"
Bellingham,-,1,663,"1,176",52,"1,891"
Bellingham,-,2,678,"1,411",70,"2,159"
Bellingham,-,3,753,"1,357",63,"2,173"
Bellingham,-,4,542,"1,001",40,"1,583"
Bellingham,-,4A,108,163,17,288
Bellingham,-,5,581,"1,195",63,"1,839"
Braintree,-,1A,645,"1,113",121,"1,879"
Braintree,-,1B,627,"1,003",137,"1,767"
Braintree,-,2A,694,"1,111",105,"1,910"
Braintree,-,2B,637,"1,085",159,"1,881"
Braintree,-,3A,608,887,86,"1,581"
Braintree,-,3B,593,"1,006",106,"1,705"
Braintree,-,4A,617,916,81,"1,614"
Braintree,-,4B,703,908,98,"1,709"
Braintree,-,5A,659,992,95,"1,746"
Braintree,-,5B,764,"1,164",141,"2,069"
Braintree,-,6A,665,"1,309",128,"2,102"
Braintree,-,6B,659,"1,217",114,"1,990"
Brookline,-,1,"1,276",472,109,"1,857"
Brookline,-,2,814,352,111,"1,277"
Brookline,-,3,"1,329",517,99,"1,945"
Brookline,-,4,"1,163",492,121,"1,776"
Brookline,-,5,"1,447",538,131,"2,116"
Brookline,-,6,"1,482",479,81,"2,042"
Brookline,-,7,"1,256",442,122,"1,820"
Brookline,-,8,"1,392",388,103,"1,883"
Brookline,-,9,"1,322",480,164,"1,966"
Brookline,-,10,"1,329",556,106,"1,991"
Brookline,-,11,"1,431",531,136,"2,098"
Brookline,-,12,"1,618",652,109,"2,379"
Brookline,-,13,"1,365",599,106,"2,070"
Brookline,-,14,"1,267",734,139,"2,140"
Brookline,-,15,"1,146",868,144,"2,158"
Brookline,-,16,"1,066",651,70,"1,787"
Canton,-,1,851,"1,234",146,"2,231"
Canton,-,2,882,"1,416",189,"2,487"
Canton,-,3,971,"1,229",164,"2,364"
Canton,-,4,"1,031","1,565",173,"2,769"
Canton,-,5,904,"1,388",153,"2,445"
Canton,-,6,895,"1,213",167,"2,275"
Cohasset,-,1,"1,103","1,457",171,"2,731"
Cohasset,-,2,"1,217","1,607",172,"2,996"
Dedham,-,1,"1,019","1,076",225,"2,320"
Dedham,-,2,938,"1,204",142,"2,284"
Dedham,-,3,947,"1,016",129,"2,092"
Dedham,-,4,958,"1,110",133,"2,201"
Dedham,-,5,912,"1,334",139,"2,385"
Dedham,-,6,"1,030","1,266",147,"2,443"
Dedham,-,7,811,"1,277",168,"2,256"
Dover,-,1,"1,891","1,992",181,"4,064"
Foxborough,-,1,700,"1,187",130,"2,017"
Foxborough,-,2,822,"1,423",137,"2,382"
Foxborough,-,3,792,"1,442",115,"2,349"
Foxborough,-,4,871,"1,402",121,"2,394"
Foxborough,-,5,859,"1,293",131,"2,283"
Franklin,-,1,883,"1,325",63,"2,271"
Franklin,-,2,974,"1,513",102,"2,589"
Franklin,-,3,939,"1,424",100,"2,463"
Franklin,-,4,"1,007","1,735",89,"2,831"
Franklin,-,5,"1,081","1,661",101,"2,843"
Franklin,-,6,875,"1,256",84,"2,215"
Franklin,-,7,"1,065","1,548",82,"2,695"
Franklin,-,8,994,"1,571",80,"2,645"
Holbrook,-,1,576,870,113,"1,559"
Holbrook,-,2,537,957,137,"1,631"
Holbrook,-,3,539,904,117,"1,560"
Holbrook,-,4,812,549,147,"1,508"
Medfield,-,1,988,"1,091",110,"2,189"
Medfield,-,2,943,"1,072",92,"2,107"
Medfield,-,3,908,"1,120",122,"2,150"
Medfield,-,4,823,"1,073",144,"2,040"
Medway,-,1,795,"1,131",78,"2,004"
Medway,-,2,829,"1,182",108,"2,119"
Medway,-,3,784,"1,272",92,"2,148"
Medway,-,4,775,"1,321",108,"2,204"
Millis,-,1,703,"1,087",44,"1,834"
Millis,-,2,702,"1,076",73,"1,851"
Millis,-,3,728,"1,209",55,"1,992"
Milton,-,1,914,792,99,"1,805"
Milton,-,2,960,781,110,"1,851"
Milton,-,3,878,971,91,"1,940"
Milton,-,4,889,843,120,"1,852"
Milton,-,5,724,712,96,"1,532"
Milton,-,6,675,"1,122",119,"1,916"
Milton,-,7,622,960,107,"1,689"
Milton,-,8,669,"1,148",104,"1,921"
Milton,-,9,690,"1,229",87,"2,006"
Milton,-,10,643,533,96,"1,272"
Needham,-,A,880,825,111,"1,816"
Needham,-,B,"1,012",919,115,"2,046"
Needham,-,C,961,867,92,"1,920"
Needham,-,D,"1,026",868,119,"2,013"
Needham,-,E,"1,118",919,75,"2,112"
Needham,-,F,"1,028",841,82,"1,951"
Needham,-,G,"1,074",811,79,"1,964"
Needham,-,H,"1,115",969,85,"2,169"
Needham,-,I,"1,163",811,89,"2,063"
Needham,-,J,"1,147",948,114,"2,209"
Norfolk,-,1,564,891,60,"1,515"
Norfolk,-,2,"1,122","1,682",124,"2,928"
Norfolk,-,3,924,"1,431",106,"2,461"
Norwood,-,1,904,"1,159",170,"2,233"
Norwood,-,2,776,"1,045",103,"1,924"
Norwood,-,3,815,"1,063",126,"2,004"
Norwood,-,4,752,"1,235",155,"2,142"
Norwood,-,5,681,768,106,"1,555"
Norwood,-,6,632,813,75,"1,520"
Norwood,-,7,790,"1,121",123,"2,034"
Norwood,-,8,790,"1,118",143,"2,051"
Norwood,-,9,689,"1,240",150,"2,079"
Plainville,-,1,714,"1,183",102,"1,999"
Plainville,-,2,683,"1,210",81,"1,974"
Plainville,-,3,662,"1,167",75,"1,904"
Quincy,1,1,624,767,132,"1,523"
Quincy,1,2,555,563,133,"1,251"
Quincy,1,3,815,702,97,"1,614"
Quincy,1,4,691,"1,163",88,"1,942"
Quincy,1,5,741,"1,138",140,"2,019"
Quincy,2,1,694,790,104,"1,588"
Quincy,2,2,671,641,109,"1,421"
Quincy,2,3,312,296,86,694
Quincy,2,3A,61,148,35,244
Quincy,2,4,570,606,136,"1,312"
Quincy,2,5,677,804,152,"1,633"
Quincy,3,1,923,865,147,"1,935"
Quincy,3,2,722,680,74,"1,476"
Quincy,3,3,534,459,84,"1,077"
Quincy,3,4,593,889,107,"1,589"
Quincy,3,5,394,243,56,693
Quincy,4,1,856,854,132,"1,842"
Quincy,4,2,692,976,129,"1,797"
Quincy,4,3,798,"1,154",137,"2,089"
Quincy,4,4,644,553,104,"1,301"
Quincy,4,5,737,693,96,"1,526"
Quincy,5,1,829,714,161,"1,704"
Quincy,5,2,701,587,112,"1,400"
Quincy,5,3,766,787,123,"1,676"
Quincy,5,4,585,654,70,"1,309"
Quincy,5,5,719,716,108,"1,543"
Quincy,6,1,677,576,149,"1,402"
Quincy,6,2,535,452,95,"1,082"
Quincy,6,3,756,"1,150",163,"2,069"
Quincy,6,4,600,588,108,"1,296"
Quincy,6,5,766,"1,228",148,"2,142"
Randolph,-,1,554,739,134,"1,427"
Randolph,-,2,505,579,174,"1,258"
Randolph,-,3,618,693,157,"1,468"
Randolph,-,4,647,697,177,"1,521"
Randolph,-,5,608,691,150,"1,449"
Randolph,-,6,491,608,163,"1,262"
Randolph,-,7,590,677,185,"1,452"
Randolph,-,8,591,664,188,"1,443"
Randolph,-,9,621,683,131,"1,435"
Randolph,-,10,599,741,162,"1,502"
Randolph,-,11,670,778,186,"1,634"
Randolph,-,12,701,816,197,"1,714"
Sharon,-,1,"1,301",955,197,"2,453"
Sharon,-,2,"1,030","1,022",199,"2,251"
Sharon,-,3,"1,259",964,169,"2,392"
Sharon,-,4,"1,285",919,203,"2,407"
Sharon,-,5,"1,012",991,189,"2,192"
Stoughton,-,1,221,823,"1,105","2,149"
Stoughton,-,2,731,"1,022",154,"1,907"
Stoughton,-,3,723,"1,140",160,"2,023"
Stoughton,-,4,196,791,"1,307","2,294"
Stoughton,-,5,627,924,177,"1,728"
Stoughton,-,6,813,"1,335",242,"2,390"
Stoughton,-,7,672,919,152,"1,743"
Stoughton,-,8,175,577,777,"1,529"
Walpole,-,1,769,"1,087",105,"1,961"
Walpole,-,2,772,"1,354",106,"2,232"
Walpole,-,3,699,"1,319",123,"2,141"
Walpole,-,4,728,"1,139",82,"1,949"
Walpole,-,5,632,"1,062",64,"1,758"
Walpole,-,6,738,"1,273",89,"2,100"
Walpole,-,7,699,"1,315",80,"2,094"
Walpole,-,8,750,"1,189",121,"2,060"
Wellesley,-,A,"1,158",993,107,"2,258"
Wellesley,-,B,"1,311","1,076",112,"2,499"
Wellesley,-,C,"1,064","1,166",100,"2,330"
Wellesley,-,D,"1,266","1,093",109,"2,468"
Wellesley,-,E,"1,136",882,120,"2,138"
Wellesley,-,F,788,562,59,"1,409"
Wellesley,-,G,646,422,64,"1,132"
Wellesley,-,H,"1,179",963,118,"2,260"
Westwood,-,1,"1,104","1,384",156,"2,644"
Westwood,-,2,"1,162","1,401",183,"2,746"
Westwood,-,3,"1,129","1,317",158,"2,604"
Westwood,-,4,"1,052","1,428",165,"2,645"
Weymouth,-,1,677,999,79,"1,755"
Weymouth,-,2,651,"1,224",97,"1,972"
Weymouth,-,3,620,"1,244",88,"1,952"
Weymouth,-,4,581,"1,099",76,"1,756"
Weymouth,-,5,627,751,78,"1,456"
Weymouth,-,6,682,"1,164",77,"1,923"
Weymouth,-,7,664,"1,006",66,"1,736"
Weymouth,-,8,691,"1,005",63,"1,759"
Weymouth,-,9,621,"1,274",72,"1,967"
Weymouth,-,10,522,830,43,"1,395"
Weymouth,-,11,658,"1,075",69,"1,802"
Weymouth,-,12,690,"1,143",67,"1,900"
Weymouth,-,13,556,855,70,"1,481"
Weymouth,-,14,609,948,72,"1,629"
Weymouth,-,15,697,"1,282",58,"2,037"
Weymouth,-,16,744,"1,198",73,"2,015"
Weymouth,-,17,559,895,84,"1,538"
Weymouth,-,18,"1,047","1,779",146,"2,972"
Wrentham,-,1,936,"1,617",96,"2,649"
Wrentham,-,2,936,"1,577",76,"2,589"
Wrentham,-,3,938,"1,597",84,"2,619"
Abington,-,1,619,"1,146",95,"1,860"
Abington,-,2,593,"1,186",71,"1,850"
Abington,-,3,579,"1,193",81,"1,853"
Abington,-,4,698,"1,296",94,"2,088"
Abington,-,5,678,"1,301",105,"2,084"
Bridgewater,-,1,832,"1,908",192,"2,932"
Bridgewater,-,2,743,"1,520",155,"2,418"
Bridgewater,-,3,870,"2,077",184,"3,131"
Bridgewater,-,4,400,807,80,"1,287"
Bridgewater,-,5,268,415,40,723
Bridgewater,-,6,719,"1,105",98,"1,922"
Bridgewater,-,7,743,"1,404",143,"2,290"
Brockton,1,A,543,537,139,"1,219"
Brockton,1,B,658,777,157,"1,592"
Brockton,1,C,528,699,163,"1,390"
Brockton,1,D,704,"1,151",143,"1,998"
Brockton,2,A,402,348,211,961
Brockton,2,B,388,345,119,852
Brockton,2,C,385,333,146,864
Brockton,2,D,523,581,201,"1,305"
Brockton,3,A,509,592,194,"1,295"
Brockton,3,B,498,460,198,"1,156"
Brockton,3,C,643,970,164,"1,777"
Brockton,3,D,663,"1,015",132,"1,810"
Brockton,4,A,396,331,165,892
Brockton,4,B,581,691,193,"1,465"
Brockton,4,C,570,727,196,"1,493"
Brockton,4,D,528,704,210,"1,442"
Brockton,5,A,546,563,156,"1,265"
Brockton,5,B,610,808,164,"1,582"
Brockton,5,C,538,620,208,"1,366"
Brockton,5,D,614,798,147,"1,559"
Brockton,6,A,508,575,151,"1,234"
Brockton,6,B,659,987,142,"1,788"
Brockton,6,C,624,746,164,"1,534"
Brockton,6,D,580,964,107,"1,651"
Brockton,7,A,508,444,208,"1,160"
Brockton,7,B,609,643,244,"1,496"
Brockton,7,C,504,597,225,"1,326"
Brockton,7,D,620,731,131,"1,482"
Carver,-,1,650,"1,498",110,"2,258"
Carver,-,2,607,"1,507",88,"2,202"
Carver,-,3,644,"1,755",142,"2,541"
Duxbury,-,1,780,"1,281",82,"2,143"
Duxbury,-,2,712,"1,166",87,"1,965"
Duxbury,-,3,631,"1,190",61,"1,882"
Duxbury,-,4,606,"1,129",67,"1,802"
Duxbury,-,5,628,"1,140",51,"1,819"
Duxbury,-,6,516,"1,115",57,"1,688"
"E. Bridgewater",-,1,641,"1,439",122,"2,202"
"E. Bridgewater",-,2,644,"1,427",97,"2,168"
"E. Bridgewater",-,3,621,"1,554",150,"2,325"
"E. Bridgewater",-,4,647,"1,371",108,"2,126"
Halifax,-,1,724,"1,684",138,"2,546"
Halifax,-,2,706,"1,540",101,"2,347"
Hanover,-,1,717,"1,683",108,"2,508"
Hanover,-,2,734,"1,643",113,"2,490"
Hanover,-,3,658,"1,524",117,"2,299"
Hanover,-,4,717,"1,608",97,"2,422"
Hanson,-,1,594,"1,611",95,"2,300"
Hanson,-,2,683,"1,565",64,"2,312"
Hanson,-,3,654,"1,463",70,"2,187"
Hingham,-,1,"1,150","1,466",140,"2,756"
Hingham,-,2,"1,165","1,549",128,"2,842"
Hingham,-,3,"1,168","1,478",136,"2,782"
Hingham,-,4,978,"1,399",134,"2,511"
Hingham,-,5,615,"1,166",95,"1,876"
Hingham,-,5A,386,660,93,"1,139"
Hingham,-,6,807,"1,546",127,"2,480"
Hull,-,1,923,"1,336",130,"2,389"
Hull,-,2,755,"1,298",127,"2,180"
Hull,-,3,969,"1,468",129,"2,566"
Kingston,-,1,666,"1,266",78,"2,010"
Kingston,-,2,691,"1,540",89,"2,320"
Kingston,-,3,714,"1,546",82,"2,342"
Kingston,-,4,543,"1,267",87,"1,897"
Lakeville,-,1,695,"1,516",82,"2,293"
Lakeville,-,2,717,"1,563",89,"2,369"
Lakeville,-,3,814,"1,786",115,"2,715"
Marion,-,1,"1,359","2,105",253,"3,717"
Marshfield,-,1,709,"1,754",79,"2,542"
Marshfield,-,2,728,"1,671",96,"2,495"
Marshfield,-,3,663,"1,684",79,"2,426"
Marshfield,-,4,738,"1,644",91,"2,473"
Marshfield,-,5,675,"1,500",97,"2,272"
Marshfield,-,6,857,"1,871",87,"2,815"
Marshfield,-,7,884,"1,677",76,"2,637"
Mattapoisett,-,1,"1,632","2,900",209,"4,741"
Middleborough,-,1,673,"2,079",113,"2,865"
Middleborough,-,2,764,"1,281",119,"2,164"
Middleborough,-,3,705,"1,543",86,"2,334"
Middleborough,-,4,665,"1,142",104,"1,911"
Middleborough,-,5,777,"1,635",114,"2,526"
Middleborough,-,6,569,"1,434",120,"2,123"
Norwell,-,1,765,"1,537",110,"2,412"
Norwell,-,2,883,"1,597",107,"2,587"
Norwell,-,3,921,"1,424",102,"2,447"
Pembroke,-,1,800,"1,616",131,"2,547"
Pembroke,-,2,626,"1,504",99,"2,229"
Pembroke,-,3,724,"1,548",96,"2,368"
Pembroke,-,4,727,"1,606",66,"2,399"
Pembroke,-,5,704,"1,481",90,"2,275"
Plymouth,-,1,701,"1,135",59,"1,895"
Plymouth,-,2,945,"1,524",82,"2,551"
Plymouth,-,3,773,"1,174",84,"2,031"
Plymouth,-,4,763,"1,339",69,"2,171"
Plymouth,-,5,775,"1,615",72,"2,462"
Plymouth,-,6,808,"1,496",74,"2,378"
Plymouth,-,7,827,"1,469",87,"2,383"
Plymouth,-,8,789,"1,732",57,"2,578"
Plymouth,-,9,619,"1,423",57,"2,099"
Plymouth,-,10,513,"1,064",44,"1,621"
Plymouth,-,11,692,"1,704",84,"2,480"
Plymouth,-,12,882,"1,894",68,"2,844"
Plymouth,-,13,773,"1,737",82,"2,592"
Plymouth,-,14,748,"1,716",52,"2,516"
Plymouth,-,15,"1,469","3,327",147,"4,943"
Plympton,-,1,555,"1,298",81,"1,934"
Rochester,-,1,"1,136","2,563",159,"3,858"
Rockland,-,1,574,"1,210",72,"1,856"
Rockland,-,2,550,"1,184",131,"1,865"
Rockland,-,3,408,874,70,"1,352"
Rockland,-,4,514,932,85,"1,531"
Rockland,-,5,482,"1,095",68,"1,645"
Rockland,-,6,586,"1,131",76,"1,793"
Scituate,-,1,861,"1,408",97,"2,366"
Scituate,-,2,839,"1,324",92,"2,255"
Scituate,-,3,887,"1,296",108,"2,291"
Scituate,-,4,762,"1,450",94,"2,306"
Scituate,-,5,814,"1,288",92,"2,194"
Scituate,-,6,773,"1,381",99,"2,253"
Wareham,-,1,607,"1,177",134,"1,918"
Wareham,-,2,703,"1,451",111,"2,265"
Wareham,-,3,699,"1,448",129,"2,276"
Wareham,-,4,630,"1,359",142,"2,131"
Wareham,-,5,687,"1,375",115,"2,177"
Wareham,-,6,649,"1,283",88,"2,020"
"W. Bridgewater",-,1,721,"1,568",120,"2,409"
"W. Bridgewater",-,2,677,"1,455",124,"2,256"
Whitman,-,1,792,"1,543",104,"2,439"
Whitman,-,2,692,"1,353",86,"2,131"
Whitman,-,3,685,"1,327",64,"2,076"
Whitman,-,4,687,"1,272",74,"2,033"
Boston,1,1,740,369,73,"1,182"
Boston,1,2,505,258,87,850
Boston,1,3,"1,341",655,169,"2,165"
Boston,1,4,548,273,74,895
Boston,1,5,577,360,103,"1,040"
Boston,1,6,530,277,77,884
Boston,1,7,570,289,80,939
Boston,1,8,650,415,151,"1,216"
Boston,1,9,468,311,63,842
Boston,1,10,337,205,55,597
Boston,1,11,476,457,139,"1,072"
Boston,1,12,452,526,119,"1,097"
Boston,1,13,717,611,102,"1,430"
Boston,1,14,294,322,85,701
Boston,1,15,1,0,0,1
Boston,2,1,841,781,133,"1,755"
Boston,2,2,"1,062",961,186,"2,209"
Boston,2,3,667,563,76,"1,306"
Boston,2,4,653,489,78,"1,220"
Boston,2,5,704,606,71,"1,381"
Boston,2,6,813,738,124,"1,675"
Boston,2,7,850,616,90,"1,556"
Boston,3,1,"1,208","1,036",193,"2,437"
Boston,3,2,648,487,120,"1,255"
Boston,3,3,735,525,104,"1,364"
Boston,3,4,907,596,106,"1,609"
Boston,3,5,"1,528","1,039",235,"2,802"
Boston,3,6,"1,963","1,295",209,"3,467"
Boston,3,7,"1,799",855,173,"2,827"
Boston,3,8,"2,512","1,218",504,"4,234"
Boston,4,1,928,513,74,"1,515"
Boston,4,2,"1,213",922,193,"2,328"
Boston,4,3,655,354,49,"1,058"
Boston,4,4,880,419,126,"1,425"
Boston,4,5,598,298,100,996
Boston,4,6,561,242,84,887
Boston,4,7,556,264,57,877
Boston,4,8,464,190,92,746
Boston,4,9,251,123,62,436
Boston,4,10,159,49,14,222
Boston,5,1,"1,798",960,341,"3,099"
Boston,5,2,770,258,52,"1,080"
Boston,5,2A,498,196,65,759
Boston,5,3,854,449,80,"1,383"
Boston,5,4,"1,112",459,96,"1,667"
Boston,5,5,308,202,33,543
Boston,5,6,765,526,90,"1,381"
Boston,5,7,969,634,102,"1,705"
Boston,5,8,900,578,79,"1,557"
Boston,5,9,"1,212",743,103,"2,058"
Boston,5,10,722,341,97,"1,160"
Boston,5,11,552,319,49,920
Boston,6,1,"2,866","2,053",304,"5,223"
Boston,6,2,565,419,88,"1,072"
Boston,6,3,868,643,84,"1,595"
Boston,6,4,782,680,59,"1,521"
Boston,6,5,766,688,102,"1,556"
Boston,6,6,533,632,101,"1,266"
Boston,6,7,655,664,104,"1,423"
Boston,6,8,555,616,106,"1,277"
Boston,6,9,480,687,94,"1,261"
Boston,7,1,432,634,78,"1,144"
Boston,7,2,680,732,66,"1,478"
Boston,7,3,704,726,89,"1,519"
Boston,7,4,629,575,116,"1,320"
Boston,7,5,592,419,90,"1,101"
Boston,7,6,553,391,109,"1,053"
Boston,7,7,413,220,134,767
Boston,7,8,636,376,63,"1,075"
Boston,7,9,498,315,53,866
Boston,7,10,391,255,136,782
Boston,8,1,563,290,96,949
Boston,8,2,"1,014",451,160,"1,625"
Boston,8,3,431,222,103,756
Boston,8,4,249,161,54,464
Boston,8,5,439,286,153,878
Boston,8,6,188,106,49,343
Boston,8,7,380,203,71,654
Boston,9,1,749,377,173,"1,299"
Boston,9,2,"1,060",513,102,"1,675"
Boston,9,3,"1,104",591,269,"1,964"
Boston,9,4,672,376,208,"1,256"
Boston,9,5,857,425,159,"1,441"
Boston,10,1,339,215,119,673
Boston,10,2,392,168,66,626
Boston,10,3,389,160,49,598
Boston,10,4,671,284,271,"1,226"
Boston,10,5,555,191,39,785
Boston,10,6,600,201,79,880
Boston,10,7,647,269,170,"1,086"
Boston,10,8,973,345,137,"1,455"
Boston,10,9,"1,229",338,60,"1,627"
Boston,11,1,484,163,41,688
Boston,11,2,688,302,104,"1,094"
Boston,11,3,484,293,83,860
Boston,11,4,923,340,106,"1,369"
Boston,11,5,777,289,128,"1,194"
Boston,11,6,754,169,55,978
Boston,11,7,889,252,61,"1,202"
Boston,11,8,"1,297",290,70,"1,657"
Boston,11,9,702,124,39,865
Boston,11,10,854,185,50,"1,089"
Boston,12,1,605,380,137,"1,122"
Boston,12,2,769,504,116,"1,389"
Boston,12,3,313,201,54,568
Boston,12,4,426,256,105,787
Boston,12,5,316,142,54,512
Boston,12,6,346,225,86,657
Boston,12,7,817,392,221,"1,430"
Boston,12,8,308,168,64,540
Boston,12,9,403,227,76,706
Boston,13,1,474,344,110,928
Boston,13,2,200,154,32,386
Boston,13,3,520,266,129,915
Boston,13,4,371,229,82,682
Boston,13,5,367,193,101,661
Boston,13,6,555,308,74,937
Boston,13,7,616,366,130,"1,112"
Boston,13,8,573,291,115,979
Boston,13,9,656,332,77,"1,065"
Boston,13,10,772,580,79,"1,431"
Boston,14,1,842,499,157,"1,498"
Boston,14,2,777,589,239,"1,605"
Boston,14,3,447,266,62,775
Boston,14,4,510,296,97,903
Boston,14,5,389,260,83,732
Boston,14,6,363,261,86,710
Boston,14,7,394,266,53,713
Boston,14,8,456,279,112,847
Boston,14,9,489,268,46,803
Boston,14,10,483,306,105,894
Boston,14,11,454,307,72,833
Boston,14,12,263,161,57,481
Boston,14,13,370,251,64,685
Boston,14,14,446,262,102,810
Boston,15,1,535,325,138,998
Boston,15,2,373,211,92,676
Boston,15,3,211,124,79,414
Boston,15,4,593,423,248,"1,264"
Boston,15,5,459,279,106,844
Boston,15,6,231,169,148,548
Boston,15,7,381,209,93,683
Boston,15,8,286,239,140,665
Boston,15,9,350,191,125,666
Boston,16,1,389,296,106,791
Boston,16,2,364,279,74,717
Boston,16,3,503,351,177,"1,031"
Boston,16,4,507,353,108,968
Boston,16,5,517,429,113,"1,059"
Boston,16,6,676,509,173,"1,358"
Boston,16,7,406,519,85,"1,010"
Boston,16,8,573,511,72,"1,156"
Boston,16,9,425,727,91,"1,243"
Boston,16,10,434,549,106,"1,089"
Boston,16,11,466,584,101,"1,151"
Boston,16,12,280,659,106,"1,045"
Boston,17,1,374,270,97,741
Boston,17,2,321,233,52,606
Boston,17,3,773,432,87,"1,292"
Boston,17,4,781,611,142,"1,534"
Boston,17,5,290,206,94,590
Boston,17,6,577,273,100,950
Boston,17,7,274,180,45,499
Boston,17,8,432,331,77,840
Boston,17,9,459,206,59,724
Boston,17,10,559,410,110,"1,079"
Boston,17,11,274,139,38,451
Boston,17,12,396,268,75,739
Boston,17,13,508,414,119,"1,041"
Boston,17,14,490,439,71,"1,000"
Boston,18,1,603,613,183,"1,399"
Boston,18,2,531,378,126,"1,035"
Boston,18,3,580,445,140,"1,165"
Boston,18,4,609,452,178,"1,239"
Boston,18,5,640,496,141,"1,277"
Boston,18,6,716,625,170,"1,511"
Boston,18,7,596,468,116,"1,180"
Boston,18,8,968,746,251,"1,965"
Boston,18,9,648,445,85,"1,178"
Boston,18,10,"1,094",587,122,"1,803"
Boston,18,11,527,343,133,"1,003"
Boston,18,12,572,510,115,"1,197"
Boston,18,13,345,289,81,715
Boston,18,14,374,303,96,773
Boston,18,15,570,473,121,"1,164"
Boston,18,16,601,670,78,"1,349"
Boston,18,17,604,482,125,"1,211"
Boston,18,18,675,625,202,"1,502"
Boston,18,19,"1,038",819,156,"2,013"
Boston,18,20,709,789,138,"1,636"
Boston,18,21,707,535,148,"1,390"
Boston,18,22,613,682,104,"1,399"
Boston,18,23,530,328,157,"1,015"
Boston,19,1,895,167,40,"1,102"
Boston,19,2,768,499,88,"1,355"
Boston,19,3,714,221,33,968
Boston,19,4,"1,056",216,48,"1,320"
Boston,19,5,822,219,63,"1,104"
Boston,19,6,"1,197",263,63,"1,523"
Boston,19,7,"1,129",292,84,"1,505"
Boston,19,8,578,140,27,745
Boston,19,9,555,155,24,734
Boston,19,10,855,440,100,"1,395"
Boston,19,11,711,332,125,"1,168"
Boston,19,12,617,305,63,985
Boston,19,13,513,270,71,854
Boston,20,1,779,418,83,"1,280"
Boston,20,2,836,445,66,"1,347"
Boston,20,3,620,617,104,"1,341"
Boston,20,4,796,289,40,"1,125"
Boston,20,5,578,662,115,"1,355"
Boston,20,6,689,673,87,"1,449"
Boston,20,7,461,390,43,894
Boston,20,8,589,386,31,"1,006"
Boston,20,9,653,392,70,"1,115"
Boston,20,10,743,804,104,"1,651"
Boston,20,11,401,310,39,750
Boston,20,12,416,476,55,947
Boston,20,13,398,427,32,857
Boston,20,14,400,442,19,861
Boston,20,15,713,702,84,"1,499"
Boston,20,16,646,820,107,"1,573"
Boston,20,17,759,883,101,"1,743"
Boston,20,18,430,379,48,857
Boston,20,19,436,453,36,925
Boston,20,20,756,659,74,"1,489"
Boston,21,1,980,297,94,"1,371"
Boston,21,2,241,68,21,330
Boston,21,3,612,168,40,820
Boston,21,4,581,114,24,719
Boston,21,5,839,186,33,"1,058"
Boston,21,6,573,208,32,813
Boston,21,7,736,248,87,"1,071"
Boston,21,8,"1,044",228,50,"1,322"
Boston,21,9,943,312,90,"1,345"
Boston,21,10,668,230,100,998
Boston,21,11,926,308,79,"1,313"
Boston,21,12,770,261,138,"1,169"
Boston,21,13,905,337,311,"1,553"
Boston,21,14,585,172,23,780
Boston,21,15,676,219,39,934
Boston,21,16,769,383,104,"1,256"
Boston,22,1,"1,084",325,89,"1,498"
Boston,22,2,"1,181",410,134,"1,725"
Boston,22,3,987,424,69,"1,480"
Boston,22,4,707,349,56,"1,112"
Boston,22,5,621,268,46,935
Boston,22,6,626,243,38,907
Boston,22,7,849,340,54,"1,243"
Boston,22,8,582,284,74,940
Boston,22,9,628,347,82,"1,057"
Boston,22,10,815,328,57,"1,200"
Boston,22,11,565,291,34,890
Boston,22,12,518,283,46,847
Boston,22,13,464,239,44,747
Chelsea,1,1,258,239,93,590
Chelsea,1,2,178,123,77,378
Chelsea,1,3,244,166,68,478
Chelsea,1,4,220,147,89,456
Chelsea,2,1,626,563,201,"1,390"
Chelsea,2,2,430,250,128,808
Chelsea,2,3,171,104,81,356
Chelsea,2,4,253,158,122,533
Chelsea,3,1,278,231,94,603
Chelsea,3,2,365,293,125,783
Chelsea,3,3,266,217,133,616
Chelsea,3,4,304,238,100,642
Chelsea,4,1,371,263,109,743
Chelsea,4,2,321,390,139,850
Chelsea,4,3,332,308,145,785
Chelsea,4,4,245,271,120,636
Revere,1,1,548,532,173,"1,253"
Revere,1,2,459,466,147,"1,072"
Revere,1,3,412,468,184,"1,064"
Revere,2,1,451,332,121,904
Revere,2,2,589,441,184,"1,214"
Revere,2,3,202,130,60,392
Revere,2,3A,75,61,25,161
Revere,3,1,451,580,198,"1,229"
Revere,3,2,434,482,170,"1,086"
Revere,3,3,488,500,156,"1,144"
Revere,4,1,433,589,209,"1,231"
Revere,4,2,393,497,147,"1,037"
Revere,4,3,431,648,195,"1,274"
Revere,5,1,339,499,140,978
Revere,5,1A,239,345,138,722
Revere,5,2,215,276,100,591
Revere,5,2A,225,218,118,561
Revere,5,3,414,535,151,"1,100"
Revere,6,1,426,807,210,"1,443"
Revere,6,2,455,816,263,"1,534"
Revere,6,3,386,434,185,"1,005"
Winthrop,-,1,654,"1,042",109,"1,805"
Winthrop,-,2,616,962,124,"1,702"
Winthrop,-,3,671,896,134,"1,701"
Winthrop,-,4,505,870,144,"1,519"
Winthrop,-,5,679,"1,013",136,"1,828"
Winthrop,-,6,705,934,107,"1,746"
Ashburnham,-,1,"1,386","2,285",166,"3,837"
Athol,-,1,589,"1,290",63,"1,942"
Athol,-,2,586,"1,155",57,"1,798"
Athol,-,3,554,"1,179",58,"1,791"
Auburn,-,1,678,"1,395",98,"2,171"
Auburn,-,2,703,"1,331",89,"2,123"
Auburn,-,3,644,"1,374",119,"2,137"
Auburn,-,4,683,"1,117",91,"1,891"
Auburn,-,5,652,"1,210",77,"1,939"
Barre,-,1,543,"1,035",56,"1,634"
Barre,-,2,431,"1,070",32,"1,533"
Berlin,-,1,953,"1,235",87,"2,275"
Blackstone,-,1,491,"1,032",65,"1,588"
Blackstone,-,2,566,"1,212",66,"1,844"
Blackstone,-,3,501,"1,156",64,"1,721"
Bolton,-,1,"1,880","1,818",115,"3,813"
Boylston,-,1,"1,252","1,972",97,"3,321"
Brookfield,-,1,632,"1,328",102,"2,062"
Charlton,-,1,576,"1,304",58,"1,938"
Charlton,-,2,607,"1,431",72,"2,110"
Charlton,-,3,655,"1,433",70,"2,158"
Charlton,-,4,617,"1,278",68,"1,963"
Clinton,-,1,747,"1,244",86,"2,077"
Clinton,-,2,757,"1,040",91,"1,888"
Clinton,-,3,765,"1,188",76,"2,029"
Clinton,-,4,669,"1,089",108,"1,866"
Douglas,-,1,555,"1,286",83,"1,924"
Douglas,-,2,578,"1,240",66,"1,884"
Douglas,-,3,545,"1,176",58,"1,779"
Dudley,-,1,668,"1,577",107,"2,352"
Dudley,-,2,627,"1,331",76,"2,034"
Dudley,-,3,531,"1,144",54,"1,729"
"E. Brookfield",-,1,369,958,43,"1,370"
Fitchburg,1,A,436,618,63,"1,117"
Fitchburg,1,B,549,734,52,"1,335"
Fitchburg,2,A,430,574,61,"1,065"
Fitchburg,2,B,533,942,74,"1,549"
Fitchburg,3,A,692,"1,298",77,"2,067"
Fitchburg,3,B,629,953,66,"1,648"
Fitchburg,4,A,279,364,51,694
Fitchburg,4,B,524,591,53,"1,168"
Fitchburg,5,A,702,"1,287",81,"2,070"
Fitchburg,5,B,403,421,67,891
Fitchburg,6,A,638,"1,090",81,"1,809"
Fitchburg,6,B,518,650,33,"1,201"
Gardner,1,A,441,690,47,"1,178"
Gardner,1,B,148,333,14,495
Gardner,2,A,354,657,28,"1,039"
Gardner,2,B,430,746,29,"1,205"
Gardner,3,A,315,519,38,872
Gardner,3,B,370,651,36,"1,057"
Gardner,4,A,350,571,44,965
Gardner,4,B,273,406,24,703
Gardner,5,A,280,546,32,858
Gardner,5,B,376,744,25,"1,145"
Grafton,-,1,794,"1,368",64,"2,226"
Grafton,-,2,969,"1,293",79,"2,341"
Grafton,-,3,"1,013","1,316",72,"2,401"
Grafton,-,4,865,"1,196",71,"2,132"
Grafton,-,5,956,"1,398",77,"2,431"
Hardwick,-,1,487,998,49,"1,534"
Harvard,-,1,"2,322","1,700",135,"4,157"
Holden,-,1,909,"1,459",97,"2,465"
Holden,-,2,894,"1,575",98,"2,567"
Holden,-,3,904,"1,293",74,"2,271"
Holden,-,4,"1,045","1,684",114,"2,843"
Holden,-,5,890,"1,585",115,"2,590"
Hopedale,-,1,"1,402","2,222",177,"3,801"
Hubbardston,-,1,935,"1,920",88,"2,943"
Lancaster,-,1,850,"1,201",51,"2,102"
Lancaster,-,2,856,"1,371",55,"2,282"
Leicester,-,1,515,"1,130",39,"1,684"
Leicester,-,2,493,"1,040",60,"1,593"
Leicester,-,3,484,"1,060",50,"1,594"
Leicester,-,4,489,"1,047",46,"1,582"
Leominster,1,A,626,"1,061",66,"1,753"
Leominster,1,B,495,"1,118",46,"1,659"
Leominster,1,C,540,729,74,"1,343"
Leominster,2,A,419,613,67,"1,099"
Leominster,2,B,515,786,55,"1,356"
Leominster,2,C,326,472,37,835
Leominster,3,A,406,687,37,"1,130"
Leominster,3,B,578,"1,133",74,"1,785"
Leominster,3,C,681,"1,162",82,"1,925"
Leominster,4,A,566,"1,143",46,"1,755"
Leominster,4,B,578,"1,062",76,"1,716"
Leominster,4,C,465,757,62,"1,284"
Leominster,5,A,495,771,66,"1,332"
Leominster,5,B,563,935,77,"1,575"
Leominster,5,C,434,626,67,"1,127"
Lunenburg,-,A,692,"1,081",50,"1,823"
Lunenburg,-,B,660,984,38,"1,682"
Lunenburg,-,C,737,"1,201",52,"1,990"
Lunenburg,-,D,734,947,48,"1,729"
Mendon,-,1,"1,433","2,455",106,"3,994"
Milford,-,1,447,649,53,"1,149"
Milford,-,2,656,975,89,"1,720"
Milford,-,3,684,"1,056",94,"1,834"
Milford,-,4,531,713,79,"1,323"
Milford,-,5,860,"1,538",114,"2,512"
Milford,-,6,669,"1,109",78,"1,856"
Milford,-,7,809,"1,360",68,"2,237"
Milford,-,8,760,"1,184",101,"2,045"
Millbury,-,1,635,"1,295",85,"2,015"
Millbury,-,2,658,"1,513",88,"2,259"
Millbury,-,3,653,"1,240",92,"1,985"
Millbury,-,4,689,"1,192",73,"1,954"
Millville,-,1,607,"1,161",88,"1,856"
"New Braintree",-,1,174,469,33,676
"N. Brookfield",-,1,782,"1,804",145,"2,731"
Northborough,-,1,"1,073","1,278",98,"2,449"
Northborough,-,2,"1,034","1,249",81,"2,364"
Northborough,-,3,"1,084","1,237",107,"2,428"
Northborough,-,4,"1,122","1,304",79,"2,505"
Northbridge,-,1,737,"1,459",99,"2,295"
Northbridge,-,2,716,"1,517",111,"2,344"
Northbridge,-,3,650,"1,215",113,"1,978"
Northbridge,-,4,803,"1,769",115,"2,687"
Oakham,-,1,328,868,66,"1,262"
Oxford,-,1,606,"1,287",78,"1,971"
Oxford,-,2,571,"1,223",62,"1,856"
Oxford,-,3,602,"1,335",67,"2,004"
Oxford,-,4,590,"1,112",74,"1,776"
Paxton,-,1,981,"1,861",133,"2,975"
Petersham,-,1,338,498,44,880
Phillipston,-,1,334,731,38,"1,103"
Princeton,-,1,"1,103","1,412",76,"2,591"
Royalston,-,1,158,290,23,471
Royalston,-,2,110,198,8,316
Rutland,-,1,586,"1,317",77,"1,980"
Rutland,-,2,619,"1,308",80,"2,007"
Rutland,-,3,543,"1,120",52,"1,715"
Shrewsbury,-,1,973,"1,426",90,"2,489"
Shrewsbury,-,2,858,"1,178",114,"2,150"
Shrewsbury,-,3,709,938,74,"1,721"
Shrewsbury,-,4,893,"1,186",82,"2,161"
Shrewsbury,-,5,788,960,64,"1,812"
Shrewsbury,-,6,900,"1,188",105,"2,193"
Shrewsbury,-,7,"1,081","1,459",91,"2,631"
Shrewsbury,-,8,972,"1,388",129,"2,489"
Shrewsbury,-,9,663,813,61,"1,537"
Shrewsbury,-,10,966,"1,083",88,"2,137"
Southborough,-,1,"1,176","1,036",82,"2,294"
Southborough,-,2,"1,080","1,005",70,"2,155"
Southborough,-,3,"1,175","1,020",73,"2,268"
Southbridge,-,1,542,798,112,"1,452"
Southbridge,-,2,466,730,84,"1,280"
Southbridge,-,3,465,927,91,"1,483"
Southbridge,-,4,607,"1,172",112,"1,891"
Southbridge,-,5,484,625,94,"1,203"
Spencer,-,1,436,"1,044",68,"1,548"
Spencer,-,2,479,"1,015",43,"1,537"
Spencer,-,3,437,"1,133",75,"1,645"
Spencer,-,4,575,"1,112",50,"1,737"
Sterling,-,1,928,"1,613",104,"2,645"
Sterling,-,2,995,"1,751",99,"2,845"
Sturbridge,-,1,772,"1,197",62,"2,031"
Sturbridge,-,2,756,"1,350",47,"2,153"
Sturbridge,-,3,638,"1,207",64,"1,909"
Sutton,-,1,732,"1,439",119,"2,290"
Sutton,-,2,617,"1,279",97,"1,993"
Sutton,-,3,671,"1,312",86,"2,069"
Templeton,-,A,479,"1,160",67,"1,706"
Templeton,-,B,417,987,56,"1,460"
Templeton,-,C,392,889,66,"1,347"
Upton,-,1,"1,064","1,574",113,"2,751"
Upton,-,2,"1,004","1,494",79,"2,577"
Uxbridge,-,1,613,"1,483",76,"2,172"
Uxbridge,-,2,695,"1,338",100,"2,133"
Uxbridge,-,3,645,"1,435",102,"2,182"
Uxbridge,-,4,721,"1,468",96,"2,285"
Warren,-,A,567,"1,228",147,"1,942"
Warren,-,B,186,456,44,686
Webster,-,1,501,950,67,"1,518"
Webster,-,2,446,614,54,"1,114"
Webster,-,3,453,"1,006",54,"1,513"
Webster,-,4,626,"1,618",111,"2,355"
Webster,-,5,570,"1,181",95,"1,846"
"W. Boylston",-,1,662,"1,277",83,"2,022"
"W. Boylston",-,2,"1,022","1,683",119,"2,824"
"W. Brookfield",-,1,662,"1,575",96,"2,333"
Westborough,-,1,699,774,101,"1,574"
Westborough,-,2,789,830,69,"1,688"
Westborough,-,3,"1,000","1,011",84,"2,095"
Westborough,-,4,"1,301","1,336",118,"2,755"
Westborough,-,5,"1,163","1,329",94,"2,586"
Westminster,-,1,906,"1,707",88,"2,701"
Westminster,-,2,907,"1,635",90,"2,632"
Winchendon,-,1,371,847,31,"1,249"
Winchendon,-,1A,127,232,12,371
Winchendon,-,2,570,"1,177",46,"1,793"
Winchendon,-,3,543,"1,164",68,"1,775"
Worcester,1,1,973,"1,224",149,"2,346"
Worcester,1,2,879,"1,388",164,"2,431"
Worcester,1,3,530,681,86,"1,297"
Worcester,1,4,"1,165","1,042",134,"2,341"
Worcester,1,5,827,"1,092",165,"2,084"
Worcester,2,1,851,"1,163",136,"2,150"
Worcester,2,2,846,"1,131",105,"2,082"
Worcester,2,3,814,"1,033",90,"1,937"
Worcester,2,4,705,689,205,"1,599"
Worcester,2,5,413,306,95,814
Worcester,3,1,727,698,107,"1,532"
Worcester,3,2,273,156,46,475
Worcester,3,3,573,660,121,"1,354"
Worcester,3,4,502,420,106,"1,028"
Worcester,3,5,725,694,125,"1,544"
Worcester,4,1,467,404,107,978
Worcester,4,2,602,614,100,"1,316"
Worcester,4,3,653,425,138,"1,216"
Worcester,4,4,602,676,116,"1,394"
Worcester,4,5,742,789,154,"1,685"
Worcester,5,1,585,520,113,"1,218"
Worcester,5,2,694,857,183,"1,734"
Worcester,5,3,813,"1,201",102,"2,116"
Worcester,5,4,716,973,118,"1,807"
Worcester,5,5,686,957,137,"1,780"
Worcester,6,1,402,339,100,841
Worcester,6,2,563,481,136,"1,180"
Worcester,6,3,533,539,126,"1,198"
Worcester,6,4,264,278,36,578
Worcester,6,5,668,763,144,"1,575"
Worcester,7,1,775,780,139,"1,694"
Worcester,7,2,512,551,131,"1,194"
Worcester,7,3,710,795,198,"1,703"
Worcester,7,4,626,820,154,"1,600"
Worcester,7,5,667,965,113,"1,745"
Worcester,8,1,382,365,107,854
Worcester,8,2,381,337,91,809
Worcester,8,3,363,187,57,607
Worcester,8,4,431,392,226,"1,049"
Worcester,8,5,474,472,81,"1,027"
Worcester,9,1,901,761,109,"1,771"
Worcester,9,2,"1,018",918,144,"2,080"
Worcester,9,3,670,749,103,"1,522"
Worcester,9,4,886,"1,069",138,"2,093"
Worcester,9,5,915,"1,070",157,"2,142"
Worcester,10,1,472,306,166,944
Worcester,10,2,559,333,100,992
Worcester,10,3,399,298,180,877
Worcester,10,4,357,275,131,763
Worcester,10,5,454,322,124,900
TOTALS,,,"1,549,919","1,877,447","230,639","3,658,005"
