City/Town,Ward,Pct,"Joseph R. Biden, Jr.","Donald J. Trump","Jo Jorgensen","Howard Hawkins","All Others","No Preference",Blanks,"Total Votes Cast"
,,,Democratic,Republican,Libertarian,Green-Rainbow
Abington,-,1,"1,037",764,29,6,8,0,16,"1,860"
Abington,-,2,960,838,23,16,4,0,9,"1,850"
Abington,-,3,954,848,31,8,3,0,9,"1,853"
Abington,-,4,"1,117",904,28,7,6,0,26,"2,088"
Abington,-,5,"1,141",882,35,8,3,0,15,"2,084"
Acton,-,1,"1,761",447,24,11,8,0,16,"2,267"
Acton,-,2,"1,912",441,30,13,12,0,21,"2,429"
Acton,-,3,"1,834",388,34,15,12,0,18,"2,301"
Acton,-,4,"2,051",416,40,9,16,0,12,"2,544"
Acton,-,5,"1,897",396,44,15,22,0,14,"2,388"
Acton,-,6,"1,650",383,21,11,14,0,10,"2,089"
Acushnet,-,1,815,924,23,12,3,0,14,"1,791"
Acushnet,-,2,932,"1,176",28,8,3,0,18,"2,165"
Acushnet,-,3,917,"1,190",22,10,5,0,26,"2,170"
Adams,-,1,527,253,13,9,2,0,1,805
Adams,-,2,574,291,18,5,2,0,9,899
Adams,-,3,601,324,17,7,2,0,6,957
Adams,-,4,512,269,13,6,1,0,4,805
Adams,-,5,680,291,16,8,0,0,7,"1,002"
Agawam,-,1,825,922,19,5,6,0,7,"1,784"
Agawam,-,2,"1,036","1,121",26,8,3,0,21,"2,215"
Agawam,-,3,"1,022","1,041",24,11,10,0,4,"2,112"
Agawam,-,4,848,836,26,5,7,0,6,"1,728"
Agawam,-,5,"1,131","1,074",18,17,5,0,5,"2,250"
Agawam,-,6,930,954,25,12,8,0,14,"1,943"
Agawam,-,7,910,"1,074",29,9,11,0,9,"2,042"
Agawam,-,8,"1,092","1,051",19,7,8,0,11,"2,188"
Alford,-,1,271,50,1,1,2,0,5,330
Amesbury,-,1,"1,209",646,25,7,8,0,13,"1,908"
Amesbury,-,2,"1,165",502,30,11,3,0,15,"1,726"
Amesbury,-,3,"1,189",510,36,11,7,0,6,"1,759"
Amesbury,-,4,977,487,25,4,8,0,4,"1,505"
Amesbury,-,5,"1,167",732,39,15,12,0,15,"1,980"
Amesbury,-,6,"1,079",449,19,6,17,0,14,"1,584"
Amherst,-,1,944,62,11,14,5,0,3,"1,039"
Amherst,-,2,"1,267",121,10,14,11,0,3,"1,426"
Amherst,-,3,476,46,3,6,2,0,1,534
Amherst,-,4,449,29,2,2,9,0,4,495
Amherst,-,5,"1,019",98,8,16,2,0,6,"1,149"
Amherst,-,6,"1,580",133,14,18,11,0,10,"1,766"
Amherst,-,7,"1,547",150,14,16,5,0,8,"1,740"
Amherst,-,8,"1,765",127,14,17,7,0,3,"1,933"
Amherst,-,9,"1,143",75,8,20,9,0,3,"1,258"
Amherst,-,10,528,32,5,6,1,0,1,573
Andover,-,1,"1,362",477,24,10,12,0,13,"1,898"
Andover,-,2,"1,717",843,27,16,21,0,5,"2,629"
Andover,-,3,"1,658",663,37,11,16,0,9,"2,394"
Andover,-,4,"1,583",812,33,12,23,0,16,"2,479"
Andover,-,5,"1,756",927,39,5,18,0,21,"2,766"
Andover,-,6,"1,628",813,34,11,15,0,17,"2,518"
Andover,-,7,"1,253",594,19,16,10,0,27,"1,919"
Andover,-,7A,352,154,15,7,2,0,6,536
Andover,-,8,"1,602",678,30,9,23,0,20,"2,362"
Andover,-,9,"1,592",732,33,8,11,0,24,"2,400"
Aquinnah,-,1,311,34,8,1,1,0,0,355
Arlington,-,1,885,154,11,4,5,0,10,"1,069"
Arlington,-,2,"1,196",216,12,5,5,0,10,"1,444"
Arlington,-,3,"1,223",137,11,10,6,0,11,"1,398"
Arlington,-,4,"1,112",169,12,5,10,0,10,"1,318"
Arlington,-,5,"1,095",207,9,9,5,0,7,"1,332"
Arlington,-,6,"1,084",173,14,7,6,0,5,"1,289"
Arlington,-,7,"1,080",168,9,13,3,0,4,"1,277"
Arlington,-,8,"1,281",173,11,4,6,0,6,"1,481"
Arlington,-,9,"1,025",219,9,5,8,0,14,"1,280"
Arlington,-,10,"1,246",179,13,4,2,0,13,"1,457"
Arlington,-,11,"1,187",255,6,7,5,0,15,"1,475"
Arlington,-,12,"1,300",223,13,6,5,0,15,"1,562"
Arlington,-,13,992,368,15,8,8,0,9,"1,400"
Arlington,-,14,"1,116",189,14,5,1,0,7,"1,332"
Arlington,-,15,"1,192",274,6,10,9,0,12,"1,503"
Arlington,-,16,"1,083",203,9,9,6,0,11,"1,321"
Arlington,-,17,"1,059",182,9,7,6,0,9,"1,272"
Arlington,-,18,"1,120",307,14,9,6,0,4,"1,460"
Arlington,-,19,"1,145",233,13,6,2,0,10,"1,409"
Arlington,-,20,"1,100",196,11,6,10,0,9,"1,332"
Arlington,-,21,"1,150",156,11,10,4,0,17,"1,348"
Ashburnham,-,1,"2,030","1,667",87,21,22,0,10,"3,837"
Ashby,-,1,956,"1,008",41,16,2,0,9,"2,032"
Ashfield,-,1,993,180,30,12,3,0,12,"1,230"
Ashland,-,1,"1,371",566,31,11,0,0,22,"2,001"
Ashland,-,2,"1,528",594,36,5,0,0,22,"2,185"
Ashland,-,3,"1,373",593,23,10,0,0,30,"2,029"
Ashland,-,4,"1,368",576,19,13,0,0,21,"1,997"
Ashland,-,5,"1,668",607,44,8,0,0,25,"2,352"
Athol,-,1,952,906,36,18,16,0,14,"1,942"
Athol,-,2,811,895,50,27,7,0,8,"1,798"
Athol,-,3,942,778,42,12,10,0,7,"1,791"
Attleboro,1,A,"1,006",800,31,12,4,0,8,"1,861"
Attleboro,1,B,"1,071",806,27,6,8,0,7,"1,925"
Attleboro,2,A,"1,157",813,36,13,11,0,7,"2,037"
Attleboro,2,B,"1,268",942,42,19,8,0,16,"2,295"
Attleboro,3,A,"1,276",753,23,15,6,0,16,"2,089"
Attleboro,3,B,"1,242",758,30,10,10,0,6,"2,056"
Attleboro,4,A,"1,038",530,23,13,10,0,14,"1,628"
Attleboro,4,B,"1,452","1,113",29,9,7,0,10,"2,620"
Attleboro,5,A,801,382,26,13,5,0,15,"1,242"
Attleboro,5,B,"1,144",749,27,14,10,0,7,"1,951"
Attleboro,6,A,"1,036",795,34,19,5,0,11,"1,900"
Attleboro,6,B,"1,170",831,45,6,16,0,19,"2,087"
Auburn,-,1,"1,172",916,43,15,13,0,12,"2,171"
Auburn,-,2,"1,160",910,35,6,1,0,11,"2,123"
Auburn,-,3,"1,171",910,27,12,5,0,12,"2,137"
Auburn,-,4,"1,101",720,32,20,6,0,12,"1,891"
Auburn,-,5,"1,016",850,36,13,11,0,13,"1,939"
Avon,-,1,"1,601","1,030",36,21,9,0,26,"2,723"
Ayer,-,1,"1,387",718,44,12,12,0,15,"2,188"
Ayer,-,2,"1,545",819,67,14,7,0,13,"2,465"
Barnstable,-,1,"1,693","1,025",37,9,1,0,37,"2,802"
Barnstable,-,2,"1,338","1,000",35,10,0,0,24,"2,407"
Barnstable,-,3,"1,111",670,20,9,3,0,11,"1,824"
Barnstable,-,4,"1,300",814,31,6,0,0,37,"2,188"
Barnstable,-,5,"1,356","1,117",18,3,11,0,17,"2,522"
Barnstable,-,6,"1,318","1,040",20,7,4,0,16,"2,405"
Barnstable,-,7,"1,595","1,003",35,19,1,0,26,"2,679"
Barnstable,-,8,"1,027",605,23,10,0,0,10,"1,675"
Barnstable,-,9,733,384,14,11,0,0,9,"1,151"
Barnstable,-,10,"1,197",985,45,3,1,0,15,"2,246"
Barnstable,-,11,"1,387","1,124",37,7,3,0,24,"2,582"
Barnstable,-,12,"1,402","1,082",35,11,0,0,20,"2,550"
Barnstable,-,13,"1,034",587,15,5,1,0,11,"1,653"
Barre,-,1,853,723,35,13,5,0,5,"1,634"
Barre,-,2,682,800,33,6,7,0,5,"1,533"
Becket,-,1,757,413,17,6,2,0,3,"1,198"
Bedford,-,1,"1,782",535,36,8,20,0,7,"2,388"
Bedford,-,2,"1,457",649,29,17,13,0,13,"2,178"
Bedford,-,3,"1,717",501,31,9,11,0,17,"2,286"
Bedford,-,4,"1,496",495,30,10,13,0,6,"2,050"
Belchertown,-,A,"1,519",771,38,16,8,0,17,"2,369"
Belchertown,-,B,"1,351",996,35,23,3,0,39,"2,447"
Belchertown,-,C,"1,405","1,028",44,12,4,0,13,"2,506"
Belchertown,-,D,"1,618",686,30,17,5,0,13,"2,369"
Bellingham,-,1,"1,039",800,31,11,7,0,3,"1,891"
Bellingham,-,2,"1,118",967,31,17,14,0,12,"2,159"
Bellingham,-,3,"1,213",898,31,16,7,0,8,"2,173"
Bellingham,-,4,795,737,24,10,8,0,9,"1,583"
Bellingham,-,4A,146,132,5,2,2,0,1,288
Bellingham,-,5,900,868,39,12,9,0,11,"1,839"
Belmont,-,1,"1,552",332,20,25,14,0,16,"1,959"
Belmont,-,2,"1,583",447,33,8,19,0,31,"2,121"
Belmont,-,3,"1,436",366,25,10,18,0,20,"1,875"
Belmont,-,4,"1,266",330,22,18,9,0,13,"1,658"
Belmont,-,5,"1,444",349,20,11,10,0,13,"1,847"
Belmont,-,6,"1,540",314,22,12,11,0,15,"1,914"
Belmont,-,7,"1,588",316,20,13,8,0,14,"1,959"
Belmont,-,8,"1,590",502,21,14,18,0,14,"2,159"
Berkley,-,1,977,"1,178",40,13,9,0,4,"2,221"
Berkley,-,2,787,"1,073",22,7,7,0,26,"1,922"
Berlin,-,1,"1,375",816,48,18,8,0,10,"2,275"
Bernardston,-,1,916,423,28,8,0,0,10,"1,385"
Beverly,1,1,"1,220",615,24,10,2,0,24,"1,895"
Beverly,1,2,"1,402",662,38,11,7,0,26,"2,146"
Beverly,2,1,"1,557",468,40,9,3,0,18,"2,095"
Beverly,2,2,"1,615",457,31,12,6,0,17,"2,138"
Beverly,3,1,"1,293",469,34,16,3,0,14,"1,829"
Beverly,3,2,"1,209",605,28,9,7,0,17,"1,875"
Beverly,4,1,897,386,16,3,7,0,13,"1,322"
Beverly,4,2,"1,830",581,31,7,5,0,26,"2,480"
Beverly,5,1,"1,380",729,32,6,6,0,17,"2,170"
Beverly,5,2,"1,334",732,36,10,1,0,23,"2,136"
Beverly,6,1,"1,584",643,29,12,7,0,31,"2,306"
Beverly,6,2,"1,382",858,36,4,4,0,28,"2,312"
Billerica,-,1,"1,350",880,47,7,11,0,16,"2,311"
Billerica,-,2,"1,271",930,32,12,8,0,11,"2,264"
Billerica,-,3,"1,199",993,28,11,23,0,16,"2,270"
Billerica,-,4,"1,020",860,20,7,10,0,10,"1,927"
Billerica,-,5,"1,226","1,110",32,9,6,0,9,"2,392"
Billerica,-,6,"1,263",958,26,27,10,0,15,"2,299"
Billerica,-,7,"1,255",805,29,9,8,0,12,"2,118"
Billerica,-,8,"1,303","1,035",38,4,9,0,14,"2,403"
Billerica,-,9,"1,137","1,048",28,4,9,0,12,"2,238"
Billerica,-,10,"1,169","1,103",43,7,8,0,9,"2,339"
Billerica,-,11,"1,135","1,009",37,16,10,0,10,"2,217"
Blackstone,-,1,777,767,24,9,8,0,3,"1,588"
Blackstone,-,2,893,898,34,10,3,0,6,"1,844"
Blackstone,-,3,780,895,24,8,5,0,9,"1,721"
Blandford,-,1,307,454,13,1,0,0,6,781
Bolton,-,1,"2,529","1,140",75,18,0,0,51,"3,813"
Boston,1,1,939,206,12,8,9,0,8,"1,182"
Boston,1,2,668,156,8,5,8,0,5,850
Boston,1,3,"1,734",383,24,8,9,0,7,"2,165"
Boston,1,4,740,135,9,3,4,0,4,895
Boston,1,5,812,199,19,4,6,0,0,"1,040"
Boston,1,6,707,154,12,3,3,0,5,884
Boston,1,7,730,182,11,4,8,0,4,939
Boston,1,8,926,257,8,9,8,0,8,"1,216"
Boston,1,9,670,154,7,5,1,0,5,842
Boston,1,10,455,126,8,2,2,0,4,597
Boston,1,11,717,329,12,4,3,0,7,"1,072"
Boston,1,12,704,376,9,4,1,0,3,"1,097"
Boston,1,13,995,404,12,5,9,0,5,"1,430"
Boston,1,14,446,239,3,1,1,0,11,701
Boston,1,15,1,0,0,0,0,0,0,1
Boston,2,1,"1,314",396,25,2,10,0,8,"1,755"
Boston,2,2,"1,722",434,17,8,15,0,13,"2,209"
Boston,2,3,"1,054",212,18,0,13,0,9,"1,306"
Boston,2,4,949,234,14,5,8,0,10,"1,220"
Boston,2,5,"1,054",286,14,8,10,0,9,"1,381"
Boston,2,6,"1,224",398,17,5,11,0,20,"1,675"
Boston,2,7,"1,190",314,27,3,14,0,8,"1,556"
Boston,3,1,"1,784",587,25,9,19,0,13,"2,437"
Boston,3,2,931,290,18,3,7,0,6,"1,255"
Boston,3,3,"1,055",279,14,6,5,0,5,"1,364"
Boston,3,4,"1,208",356,20,9,8,0,8,"1,609"
Boston,3,5,"2,267",454,28,13,24,0,16,"2,802"
Boston,3,6,"2,718",634,47,11,29,0,28,"3,467"
Boston,3,7,"2,545",225,26,6,16,0,9,"2,827"
Boston,3,8,"3,506",614,34,16,20,0,44,"4,234"
Boston,4,1,"1,327",148,22,3,5,0,10,"1,515"
Boston,4,2,"1,954",319,21,9,12,0,13,"2,328"
Boston,4,3,952,85,11,1,6,0,3,"1,058"
Boston,4,4,"1,273",110,24,4,6,0,8,"1,425"
Boston,4,5,866,110,6,2,6,0,6,996
Boston,4,6,746,124,9,3,3,0,2,887
Boston,4,7,779,79,4,3,8,0,4,877
Boston,4,8,601,117,6,12,6,0,4,746
Boston,4,9,394,38,2,1,0,0,1,436
Boston,4,10,205,15,0,1,0,0,1,222
Boston,5,1,"2,633",372,36,10,20,0,28,"3,099"
Boston,5,2,972,92,5,7,2,0,2,"1,080"
Boston,5,2A,653,83,10,7,3,0,3,759
Boston,5,3,"1,165",164,19,7,17,0,11,"1,383"
Boston,5,4,"1,447",175,21,6,11,0,7,"1,667"
Boston,5,5,455,77,1,0,7,0,3,543
Boston,5,6,"1,121",207,27,8,12,0,6,"1,381"
Boston,5,7,"1,401",246,20,9,15,0,14,"1,705"
Boston,5,8,"1,266",241,22,6,14,0,8,"1,557"
Boston,5,9,"1,722",282,21,9,13,0,11,"2,058"
Boston,5,10,956,161,15,9,14,0,5,"1,160"
Boston,5,11,778,114,11,1,11,0,5,920
Boston,6,1,"4,057","1,016",72,19,29,0,30,"5,223"
Boston,6,2,795,239,21,4,9,0,4,"1,072"
Boston,6,3,"1,177",378,20,3,8,0,9,"1,595"
Boston,6,4,"1,078",399,20,7,11,0,6,"1,521"
Boston,6,5,"1,121",388,22,7,8,0,10,"1,556"
Boston,6,6,820,411,21,3,7,0,4,"1,266"
Boston,6,7,948,430,21,0,17,0,7,"1,423"
Boston,6,8,823,419,19,4,7,0,5,"1,277"
Boston,6,9,751,471,18,3,15,0,3,"1,261"
Boston,7,1,731,383,12,1,8,0,9,"1,144"
Boston,7,2,981,460,19,0,10,0,8,"1,478"
Boston,7,3,"1,015",471,21,0,8,0,4,"1,519"
Boston,7,4,933,359,18,4,4,0,2,"1,320"
Boston,7,5,841,229,16,5,7,0,3,"1,101"
Boston,7,6,763,259,21,0,7,0,3,"1,053"
Boston,7,7,613,149,3,2,0,0,0,767
Boston,7,8,815,228,11,9,8,0,4,"1,075"
Boston,7,9,659,184,12,6,2,0,3,866
Boston,7,10,700,72,3,2,1,0,4,782
Boston,8,1,841,95,5,1,3,0,4,949
Boston,8,2,"1,436",148,16,3,4,0,18,"1,625"
Boston,8,3,676,64,4,5,3,0,4,756
Boston,8,4,416,36,5,1,2,0,4,464
Boston,8,5,784,79,7,2,4,0,2,878
Boston,8,6,300,35,3,3,1,0,1,343
Boston,8,7,603,38,3,6,0,0,4,654
Boston,9,1,"1,129",140,9,5,8,0,8,"1,299"
Boston,9,2,"1,516",120,17,11,7,0,4,"1,675"
Boston,9,3,"1,797",142,7,7,4,0,7,"1,964"
Boston,9,4,"1,133",107,5,6,1,0,4,"1,256"
Boston,9,5,"1,337",73,6,6,6,0,13,"1,441"
Boston,10,1,608,58,1,4,1,0,1,673
Boston,10,2,548,66,3,3,4,0,2,626
Boston,10,3,522,60,6,3,2,0,5,598
Boston,10,4,995,207,7,8,4,0,5,"1,226"
Boston,10,5,682,72,11,7,8,0,5,785
Boston,10,6,775,74,10,9,11,0,1,880
Boston,10,7,991,72,3,3,6,0,11,"1,086"
Boston,10,8,"1,303",106,8,15,11,0,12,"1,455"
Boston,10,9,"1,509",79,17,11,9,0,2,"1,627"
Boston,11,1,634,34,6,8,3,0,3,688
Boston,11,2,"1,021",59,0,3,5,0,6,"1,094"
Boston,11,3,787,58,3,8,0,0,4,860
Boston,11,4,"1,252",73,7,18,10,0,9,"1,369"
Boston,11,5,"1,078",95,4,10,4,0,3,"1,194"
Boston,11,6,907,45,9,12,2,0,3,978
Boston,11,7,"1,101",80,6,9,5,0,1,"1,202"
Boston,11,8,"1,536",78,14,11,8,0,10,"1,657"
Boston,11,9,797,48,4,14,2,0,0,865
Boston,11,10,"1,024",40,8,8,2,0,7,"1,089"
Boston,12,1,"1,037",61,8,6,3,0,7,"1,122"
Boston,12,2,"1,285",77,6,5,6,0,10,"1,389"
Boston,12,3,529,33,2,3,1,0,0,568
Boston,12,4,718,54,2,5,1,0,7,787
Boston,12,5,481,24,0,0,2,0,5,512
Boston,12,6,597,43,3,5,0,0,9,657
Boston,12,7,"1,300",97,8,5,11,0,9,"1,430"
Boston,12,8,503,32,2,1,0,0,2,540
Boston,12,9,655,37,3,2,2,0,7,706
Boston,13,1,839,67,3,4,5,0,10,928
Boston,13,2,346,33,3,1,3,0,0,386
Boston,13,3,761,126,12,6,9,0,1,915
Boston,13,4,616,56,3,2,1,0,4,682
Boston,13,5,595,51,10,2,2,0,1,661
Boston,13,6,807,108,6,8,5,0,3,937
Boston,13,7,820,268,9,8,3,0,4,"1,112"
Boston,13,8,732,219,5,9,9,0,5,979
Boston,13,9,843,206,6,5,3,0,2,"1,065"
Boston,13,10,"1,027",360,18,10,9,0,7,"1,431"
Boston,14,1,"1,361",109,8,5,4,0,11,"1,498"
Boston,14,2,"1,479",104,3,5,4,0,10,"1,605"
Boston,14,3,715,44,5,3,1,0,7,775
Boston,14,4,829,59,5,5,5,0,0,903
Boston,14,5,702,23,2,1,2,0,2,732
Boston,14,6,649,50,3,5,3,0,0,710
Boston,14,7,657,47,5,2,1,0,1,713
Boston,14,8,797,33,7,5,3,0,2,847
Boston,14,9,739,48,1,5,4,0,6,803
Boston,14,10,816,71,2,2,2,0,1,894
Boston,14,11,772,43,4,3,3,0,8,833
Boston,14,12,450,19,2,6,2,0,2,481
Boston,14,13,640,31,4,5,0,0,5,685
Boston,14,14,773,28,4,1,2,0,2,810
Boston,15,1,908,78,4,1,3,0,4,998
Boston,15,2,618,47,1,3,0,0,7,676
Boston,15,3,363,45,4,1,0,0,1,414
Boston,15,4,"1,029",205,7,5,8,0,10,"1,264"
Boston,15,5,754,76,7,2,2,0,3,844
Boston,15,6,315,221,2,5,2,0,3,548
Boston,15,7,615,57,4,3,1,0,3,683
Boston,15,8,482,171,5,1,2,0,4,665
Boston,15,9,499,153,5,5,2,0,2,666
Boston,16,1,556,218,6,1,4,0,6,791
Boston,16,2,479,213,12,4,7,0,2,717
Boston,16,3,800,211,7,7,3,0,3,"1,031"
Boston,16,4,752,200,8,0,3,0,5,968
Boston,16,5,788,255,5,3,3,0,5,"1,059"
Boston,16,6,"1,021",297,9,11,9,0,11,"1,358"
Boston,16,7,647,329,12,7,11,0,4,"1,010"
Boston,16,8,828,290,14,7,9,0,8,"1,156"
Boston,16,9,698,512,16,3,6,0,8,"1,243"
Boston,16,10,657,397,14,7,7,0,7,"1,089"
Boston,16,11,761,364,9,6,5,0,6,"1,151"
Boston,16,12,524,497,8,4,8,0,4,"1,045"
Boston,17,1,679,56,3,2,1,0,0,741
Boston,17,2,530,65,2,6,0,0,3,606
Boston,17,3,"1,172",91,7,4,11,0,7,"1,292"
Boston,17,4,"1,317",183,11,5,8,0,10,"1,534"
Boston,17,5,552,31,1,4,0,0,2,590
Boston,17,6,864,74,6,2,3,0,1,950
Boston,17,7,467,27,0,0,4,0,1,499
Boston,17,8,773,53,5,5,1,0,3,840
Boston,17,9,657,49,6,4,4,0,4,724
Boston,17,10,"1,002",63,2,5,2,0,5,"1,079"
Boston,17,11,416,22,4,5,1,0,3,451
Boston,17,12,676,54,2,2,1,0,4,739
Boston,17,13,826,187,13,3,5,0,7,"1,041"
Boston,17,14,853,127,10,4,4,0,2,"1,000"
Boston,18,1,"1,305",81,2,6,3,0,2,"1,399"
Boston,18,2,984,37,1,7,2,0,4,"1,035"
Boston,18,3,"1,119",35,0,2,2,0,7,"1,165"
Boston,18,4,"1,161",67,5,2,1,0,3,"1,239"
Boston,18,5,"1,203",57,5,5,2,0,5,"1,277"
Boston,18,6,"1,437",54,5,5,3,0,7,"1,511"
Boston,18,7,"1,029",136,7,2,3,0,3,"1,180"
Boston,18,8,"1,746",197,8,4,2,0,8,"1,965"
Boston,18,9,963,191,6,7,7,0,4,"1,178"
Boston,18,10,"1,517",244,5,9,14,0,14,"1,803"
Boston,18,11,865,108,8,0,10,0,12,"1,003"
Boston,18,12,987,194,6,6,3,0,1,"1,197"
Boston,18,13,621,86,1,2,2,0,3,715
Boston,18,14,671,83,9,5,3,0,2,773
Boston,18,15,"1,068",84,4,2,2,0,4,"1,164"
Boston,18,16,982,334,10,8,6,0,9,"1,349"
Boston,18,17,983,200,10,5,5,0,8,"1,211"
Boston,18,18,"1,233",242,8,5,8,0,6,"1,502"
Boston,18,19,"1,671",301,8,8,10,0,15,"2,013"
Boston,18,20,"1,158",437,19,8,6,0,8,"1,636"
Boston,18,21,"1,311",59,4,6,5,0,5,"1,390"
Boston,18,22,"1,031",330,12,9,8,0,9,"1,399"
Boston,18,23,885,112,4,3,4,0,7,"1,015"
Boston,19,1,"1,036",40,12,10,4,0,0,"1,102"
Boston,19,2,"1,095",216,10,4,17,0,13,"1,355"
Boston,19,3,895,56,7,3,6,0,1,968
Boston,19,4,"1,262",29,6,12,6,0,5,"1,320"
Boston,19,5,"1,007",76,6,8,3,0,4,"1,104"
Boston,19,6,"1,446",54,4,9,5,0,5,"1,523"
Boston,19,7,"1,375",94,11,13,6,0,6,"1,505"
Boston,19,8,692,36,6,2,7,0,2,745
Boston,19,9,674,43,5,6,5,0,1,734
Boston,19,10,"1,214",161,5,3,4,0,8,"1,395"
Boston,19,11,"1,033",112,9,5,2,0,7,"1,168"
Boston,19,12,864,110,2,4,1,0,4,985
Boston,19,13,732,105,4,6,5,0,2,854
Boston,20,1,"1,011",235,12,4,9,0,9,"1,280"
Boston,20,2,"1,113",208,8,9,5,0,4,"1,347"
Boston,20,3,926,382,13,13,5,0,2,"1,341"
Boston,20,4,991,116,4,9,3,0,2,"1,125"
Boston,20,5,927,401,8,3,5,0,11,"1,355"
Boston,20,6,"1,056",342,20,10,9,0,12,"1,449"
Boston,20,7,678,185,14,7,6,0,4,894
Boston,20,8,801,187,9,6,3,0,0,"1,006"
Boston,20,9,865,227,3,9,5,0,6,"1,115"
Boston,20,10,"1,118",487,18,5,11,0,12,"1,651"
Boston,20,11,560,173,5,7,4,0,1,750
Boston,20,12,668,250,12,3,11,0,3,947
Boston,20,13,581,260,8,1,4,0,3,857
Boston,20,14,593,233,15,5,7,0,8,861
Boston,20,15,975,495,11,5,4,0,9,"1,499"
Boston,20,16,962,551,27,7,12,0,14,"1,573"
Boston,20,17,"1,167",536,19,5,5,0,11,"1,743"
Boston,20,18,640,198,7,4,6,0,2,857
Boston,20,19,642,257,13,4,4,0,5,925
Boston,20,20,"1,079",381,8,7,7,0,7,"1,489"
Boston,21,1,"1,248",93,12,7,8,0,3,"1,371"
Boston,21,2,297,24,0,3,3,0,3,330
Boston,21,3,720,67,15,14,2,0,2,820
Boston,21,4,636,50,9,12,8,0,4,719
Boston,21,5,946,78,8,16,4,0,6,"1,058"
Boston,21,6,715,73,6,13,6,0,0,813
Boston,21,7,930,109,11,10,7,0,4,"1,071"
Boston,21,8,"1,180",94,11,11,16,0,10,"1,322"
Boston,21,9,"1,158",148,11,13,7,0,8,"1,345"
Boston,21,10,839,135,5,8,5,0,6,998
Boston,21,11,"1,153",123,13,6,14,0,4,"1,313"
Boston,21,12,923,203,11,13,15,0,4,"1,169"
Boston,21,13,"1,108",399,15,10,13,0,8,"1,553"
Boston,21,14,681,73,7,10,5,0,4,780
Boston,21,15,828,73,9,14,7,0,3,934
Boston,21,16,"1,013",198,16,12,13,0,4,"1,256"
Boston,22,1,"1,277",165,27,15,8,0,6,"1,498"
Boston,22,2,"1,469",205,14,13,15,0,9,"1,725"
Boston,22,3,"1,172",258,18,13,14,0,5,"1,480"
Boston,22,4,913,159,20,9,5,0,6,"1,112"
Boston,22,5,775,136,15,4,2,0,3,935
Boston,22,6,747,130,8,15,4,0,3,907
Boston,22,7,"1,051",151,17,12,8,0,4,"1,243"
Boston,22,8,713,192,19,3,4,0,9,940
Boston,22,9,797,219,14,14,8,0,5,"1,057"
Boston,22,10,991,169,14,8,10,0,8,"1,200"
Boston,22,11,703,158,8,8,7,0,6,890
Boston,22,12,676,150,4,5,6,0,6,847
Boston,22,13,612,111,8,6,7,0,3,747
Bourne,-,1,879,825,37,8,5,0,12,"1,766"
Bourne,-,2,"1,051",954,27,18,15,0,23,"2,088"
Bourne,-,3,600,592,11,5,2,0,9,"1,219"
Bourne,-,4,"1,137",878,19,7,10,0,11,"2,062"
Bourne,-,5,"1,069",753,23,7,9,0,42,"1,903"
Bourne,-,6,804,497,8,6,4,0,22,"1,341"
Bourne,-,7,987,832,23,8,9,0,8,"1,867"
Boxborough,-,1,"2,526",786,63,22,5,0,38,"3,440"
Boxford,-,1,"1,010",755,31,10,11,0,10,"1,827"
Boxford,-,2,"1,092",781,38,9,15,0,10,"1,945"
Boxford,-,3,"1,015",735,24,4,13,0,19,"1,810"
Boylston,-,1,"1,877","1,318",70,15,24,0,17,"3,321"
Braintree,-,1A,"1,022",818,21,7,6,0,5,"1,879"
Braintree,-,1B,973,748,19,3,7,0,17,"1,767"
Braintree,-,2A,"1,133",724,16,8,17,0,12,"1,910"
Braintree,-,2B,"1,057",767,20,10,12,0,15,"1,881"
Braintree,-,3A,926,610,20,8,10,0,7,"1,581"
Braintree,-,3B,"1,000",663,17,10,4,0,11,"1,705"
Braintree,-,4A,948,625,11,9,8,0,13,"1,614"
Braintree,-,4B,"1,085",570,20,8,12,0,14,"1,709"
Braintree,-,5A,"1,001",690,16,9,13,0,17,"1,746"
Braintree,-,5B,"1,181",817,25,11,8,0,27,"2,069"
Braintree,-,6A,"1,177",881,23,5,8,0,8,"2,102"
Braintree,-,6B,"1,109",831,24,6,8,0,12,"1,990"
Brewster,-,1,"1,673",796,41,8,6,0,22,"2,546"
Brewster,-,2,"1,684",735,31,15,8,0,18,"2,491"
Brewster,-,3,"1,583",807,30,15,4,0,18,"2,457"
Bridgewater,-,1,"1,465","1,377",37,16,18,0,19,"2,932"
Bridgewater,-,2,"1,256","1,088",39,12,11,0,12,"2,418"
Bridgewater,-,3,"1,513","1,550",34,7,10,0,17,"3,131"
Bridgewater,-,4,681,571,18,3,3,0,11,"1,287"
Bridgewater,-,5,412,279,17,6,3,0,6,723
Bridgewater,-,6,"1,102",749,36,14,12,0,9,"1,922"
Bridgewater,-,7,"1,259",958,39,14,7,0,13,"2,290"
Brimfield,-,1,"1,063","1,193",44,11,3,0,35,"2,349"
Brockton,1,A,"1,004",189,13,6,1,0,6,"1,219"
Brockton,1,B,"1,209",345,19,5,6,0,8,"1,592"
Brockton,1,C,"1,038",331,9,5,0,0,7,"1,390"
Brockton,1,D,"1,325",624,12,13,0,0,24,"1,998"
Brockton,2,A,832,103,15,3,2,0,6,961
Brockton,2,B,748,93,1,4,3,0,3,852
Brockton,2,C,728,119,6,5,2,0,4,864
Brockton,2,D,"1,023",259,12,3,1,0,7,"1,305"
Brockton,3,A,"1,032",249,6,3,0,0,5,"1,295"
Brockton,3,B,961,167,9,6,1,0,12,"1,156"
Brockton,3,C,"1,235",516,10,6,3,0,7,"1,777"
Brockton,3,D,"1,188",590,15,6,4,0,7,"1,810"
Brockton,4,A,759,118,6,1,0,0,8,892
Brockton,4,B,"1,139",297,15,3,0,0,11,"1,465"
Brockton,4,C,"1,057",404,17,3,5,0,7,"1,493"
Brockton,4,D,"1,034",379,9,3,7,0,10,"1,442"
Brockton,5,A,"1,047",195,10,3,4,0,6,"1,265"
Brockton,5,B,"1,129",411,24,6,1,0,11,"1,582"
Brockton,5,C,"1,093",245,12,6,0,0,10,"1,366"
Brockton,5,D,"1,093",435,16,3,0,0,12,"1,559"
Brockton,6,A,962,234,21,2,3,0,12,"1,234"
Brockton,6,B,"1,220",532,17,5,1,0,13,"1,788"
Brockton,6,C,"1,147",355,12,8,5,0,7,"1,534"
Brockton,6,D,"1,060",553,15,10,4,0,9,"1,651"
Brockton,7,A,984,159,10,3,0,0,4,"1,160"
Brockton,7,B,"1,231",240,9,11,1,0,4,"1,496"
Brockton,7,C,"1,089",205,12,8,3,0,9,"1,326"
Brockton,7,D,"1,108",342,16,3,0,0,13,"1,482"
Brookfield,-,1,946,"1,054",34,16,4,0,8,"2,062"
Brookline,-,1,"1,669",153,16,2,7,0,10,"1,857"
Brookline,-,2,"1,100",152,7,7,7,0,4,"1,277"
Brookline,-,3,"1,722",185,11,5,9,0,13,"1,945"
Brookline,-,4,"1,507",218,19,11,7,0,14,"1,776"
Brookline,-,5,"1,869",192,15,13,6,0,21,"2,116"
Brookline,-,6,"1,848",157,10,13,8,0,6,"2,042"
Brookline,-,7,"1,608",173,18,6,3,0,12,"1,820"
Brookline,-,8,"1,734",116,5,16,0,0,12,"1,883"
Brookline,-,9,"1,724",199,16,9,2,0,16,"1,966"
Brookline,-,10,"1,738",207,14,7,2,0,23,"1,991"
Brookline,-,11,"1,851",203,14,10,7,0,13,"2,098"
Brookline,-,12,"2,077",239,28,7,10,0,18,"2,379"
Brookline,-,13,"1,789",216,21,9,18,0,17,"2,070"
Brookline,-,14,"1,754",317,27,10,16,0,16,"2,140"
Brookline,-,15,"1,694",412,13,10,12,0,17,"2,158"
Brookline,-,16,"1,466",279,9,13,11,0,9,"1,787"
Buckland,-,1,889,268,18,14,2,0,12,"1,203"
Burlington,-,1,"1,448",941,23,11,11,0,20,"2,454"
Burlington,-,2,"1,048",539,21,13,7,0,7,"1,635"
Burlington,-,3,"1,390",804,34,7,12,0,14,"2,261"
Burlington,-,4,"1,257",710,19,8,10,0,12,"2,016"
Burlington,-,5,"1,413",856,36,11,9,0,15,"2,340"
Burlington,-,6,"1,320",915,31,12,6,0,12,"2,296"
Burlington,-,7,"1,571",801,32,14,6,0,5,"2,429"
Cambridge,1,1,"1,898",227,26,5,7,0,11,"2,174"
Cambridge,1,2,"1,447",190,19,16,12,0,6,"1,690"
Cambridge,1,3,"1,600",201,16,11,8,0,19,"1,855"
Cambridge,2,1,"1,504",102,7,5,7,0,15,"1,640"
Cambridge,2,2,295,11,5,5,6,0,1,323
Cambridge,2,3,808,76,14,7,7,0,5,917
Cambridge,3,1,"1,553",191,14,8,15,0,10,"1,791"
Cambridge,3,2,938,62,1,6,5,0,2,"1,014"
Cambridge,3,2A,712,56,10,4,3,0,3,788
Cambridge,3,3,"1,463",83,5,17,8,0,2,"1,578"
Cambridge,4,1,"1,873",75,15,16,6,0,4,"1,989"
Cambridge,4,2,"1,887",99,13,15,7,0,6,"2,027"
Cambridge,4,3,629,37,4,3,2,0,2,677
Cambridge,5,1,"1,670",88,12,16,9,0,10,"1,805"
Cambridge,5,2,"1,757",114,12,15,9,0,7,"1,914"
Cambridge,5,3,"1,309",60,8,14,4,0,9,"1,404"
Cambridge,6,1,"1,846",74,17,17,7,0,10,"1,971"
Cambridge,6,2,"1,674",70,17,14,8,0,11,"1,794"
Cambridge,6,3,"1,805",136,8,10,9,0,5,"1,973"
Cambridge,7,1,"1,730",70,11,18,8,0,8,"1,845"
Cambridge,7,2,828,58,10,15,10,0,5,926
Cambridge,7,3,505,33,2,5,7,0,1,553
Cambridge,8,1,"1,213",55,4,10,10,0,7,"1,299"
Cambridge,8,2,"1,213",53,9,10,1,0,3,"1,289"
Cambridge,8,3,277,14,2,0,1,0,1,295
Cambridge,9,1,"2,111",105,9,11,10,0,6,"2,252"
Cambridge,9,2,"2,211",208,17,17,8,0,14,"2,475"
Cambridge,9,3,"1,697",197,17,12,12,0,12,"1,947"
Cambridge,10,1,"2,090",108,11,13,12,0,9,"2,243"
Cambridge,10,2,"1,998",79,11,15,13,0,9,"2,125"
Cambridge,10,3,"1,732",101,14,11,5,0,8,"1,871"
Cambridge,11,1,"2,130",164,25,11,5,0,10,"2,345"
Cambridge,11,2,"2,125",170,18,23,9,0,6,"2,351"
Cambridge,11,3,"1,705",152,12,12,11,0,7,"1,899"
Canton,-,1,"1,421",742,36,10,10,0,12,"2,231"
Canton,-,2,"1,617",825,18,8,9,0,10,"2,487"
Canton,-,3,"1,527",781,31,8,2,0,15,"2,364"
Canton,-,4,"1,653","1,040",33,10,13,0,20,"2,769"
Canton,-,5,"1,546",825,38,6,12,0,18,"2,445"
Canton,-,6,"1,458",752,31,14,9,0,11,"2,275"
Carlisle,-,1,"2,772",767,58,17,24,0,32,"3,670"
Carver,-,1,"1,017","1,161",33,19,17,0,11,"2,258"
Carver,-,2,"1,025","1,120",27,10,12,0,8,"2,202"
Carver,-,3,"1,235","1,223",36,9,17,0,21,"2,541"
Charlemont,-,1,492,235,12,4,0,0,6,749
Charlton,-,1,952,907,45,11,6,0,17,"1,938"
Charlton,-,2,887,"1,145",46,13,12,0,7,"2,110"
Charlton,-,3,975,"1,122",28,13,8,0,12,"2,158"
Charlton,-,4,945,953,39,8,7,0,11,"1,963"
Chatham,-,1,"3,107","1,834",70,23,41,0,47,"5,122"
Chelmsford,-,1,"1,615",811,37,9,18,0,13,"2,503"
Chelmsford,-,2,"1,463",770,37,11,15,0,9,"2,305"
Chelmsford,-,3,"1,403",949,36,14,17,0,14,"2,433"
Chelmsford,-,4,"1,405",945,46,8,10,0,16,"2,430"
Chelmsford,-,5,"1,563",866,56,11,11,0,16,"2,523"
Chelmsford,-,6,"1,576",882,47,16,10,0,19,"2,550"
Chelmsford,-,7,"1,660",861,59,9,16,0,15,"2,620"
Chelmsford,-,8,"1,552",837,43,11,10,0,10,"2,463"
Chelmsford,-,9,"1,664",902,37,17,14,0,25,"2,659"
Chelsea,1,1,423,150,3,5,0,0,9,590
Chelsea,1,2,284,86,3,0,0,0,5,378
Chelsea,1,3,388,81,5,0,0,0,4,478
Chelsea,1,4,386,58,4,4,0,0,4,456
Chelsea,2,1,"1,052",292,19,4,0,0,23,"1,390"
Chelsea,2,2,665,118,10,4,0,0,11,808
Chelsea,2,3,285,57,1,5,0,0,8,356
Chelsea,2,4,429,90,3,2,0,0,9,533
Chelsea,3,1,498,88,6,3,0,0,8,603
Chelsea,3,2,636,131,8,2,0,0,6,783
Chelsea,3,3,454,147,6,2,0,0,7,616
Chelsea,3,4,510,124,0,4,0,0,4,642
Chelsea,4,1,564,160,5,9,0,0,5,743
Chelsea,4,2,566,254,13,9,0,0,8,850
Chelsea,4,3,564,207,6,1,0,0,7,785
Chelsea,4,4,451,172,4,4,0,0,5,636
Cheshire,-,1,"1,124",775,36,0,11,0,20,"1,966"
Chester,-,1,313,415,14,2,0,0,5,749
Chesterfield,-,1,510,287,14,9,2,0,11,833
Chicopee,1,A,818,654,20,17,9,0,5,"1,523"
Chicopee,1,B,"1,020",775,25,13,4,0,12,"1,849"
Chicopee,2,A,646,339,10,5,0,0,2,"1,002"
Chicopee,2,B,910,757,24,8,7,0,5,"1,711"
Chicopee,3,A,755,610,15,7,5,0,9,"1,401"
Chicopee,3,B,650,465,22,7,3,0,5,"1,152"
Chicopee,4,A,788,499,18,8,3,0,10,"1,326"
Chicopee,4,B,797,447,23,8,3,0,3,"1,281"
Chicopee,5,A,886,554,24,9,4,0,6,"1,483"
Chicopee,5,B,767,539,21,7,6,0,7,"1,347"
Chicopee,6,AN,243,140,6,1,3,0,3,396
Chicopee,6,AS,485,389,7,5,6,0,5,897
Chicopee,6,BE,690,803,22,13,7,0,7,"1,542"
Chicopee,6,BW,175,161,5,3,1,0,1,346
Chicopee,7,A,649,402,16,8,2,0,9,"1,086"
Chicopee,7,B,802,439,21,12,2,0,6,"1,282"
Chicopee,8,A,855,628,42,12,6,0,8,"1,551"
Chicopee,8,B,738,602,20,8,6,0,6,"1,380"
Chicopee,9,A,846,631,28,12,3,0,9,"1,529"
Chicopee,9,B,982,802,28,11,6,0,13,"1,842"
Chilmark,-,1,796,111,5,3,6,0,3,924
Clarksburg,-,1,583,390,13,2,2,0,12,"1,002"
Clinton,-,1,"1,287",717,40,13,13,0,7,"2,077"
Clinton,-,2,"1,145",666,44,20,5,0,8,"1,888"
Clinton,-,3,"1,197",757,40,14,10,0,11,"2,029"
Clinton,-,4,"1,059",746,34,7,12,0,8,"1,866"
Cohasset,-,1,"1,849",786,41,5,32,0,18,"2,731"
Cohasset,-,2,"2,000",879,55,6,16,0,40,"2,996"
Colrain,-,1,667,306,20,10,4,0,5,"1,012"
Concord,-,1,"1,930",354,34,10,18,0,19,"2,365"
Concord,-,2,"2,261",444,33,11,23,0,13,"2,785"
Concord,-,3,"2,058",435,31,13,19,0,19,"2,575"
Concord,-,4,"2,338",476,41,14,23,0,17,"2,909"
Concord,-,5,"1,437",268,21,4,15,0,12,"1,757"
Conway,-,1,989,278,24,11,1,0,5,"1,308"
Cummington,-,1,413,162,7,4,5,0,5,596
Dalton,-,1,"1,305",560,33,13,5,0,5,"1,921"
Dalton,-,2,"1,377",479,30,14,5,0,6,"1,911"
Danvers,-,1,"1,339",759,26,13,0,0,15,"2,152"
Danvers,-,2,"1,256",796,28,11,12,0,12,"2,115"
Danvers,-,3,"1,060",736,18,12,4,0,18,"1,848"
Danvers,-,4,"1,328",766,27,9,5,0,30,"2,165"
Danvers,-,5,"1,266",948,21,13,10,0,17,"2,275"
Danvers,-,6,"1,169",964,25,11,7,0,21,"2,197"
Danvers,-,7,"1,277",860,38,11,6,0,23,"2,215"
Danvers,-,8,"1,138",896,28,11,3,0,19,"2,095"
Dartmouth,-,1,"1,056","1,314",41,4,7,0,11,"2,433"
Dartmouth,-,2,790,668,10,7,7,0,7,"1,489"
Dartmouth,-,3,44,3,0,0,0,0,0,47
Dartmouth,-,4,"1,191",938,21,14,5,0,8,"2,177"
Dartmouth,-,5,"1,292","1,021",18,11,11,0,14,"2,367"
Dartmouth,-,6,953,844,15,8,3,0,11,"1,834"
Dartmouth,-,7,"1,197","1,020",22,8,5,0,15,"2,267"
Dartmouth,-,8,"1,635",937,25,5,13,0,17,"2,632"
Dartmouth,-,9,"1,634","1,033",29,13,12,0,12,"2,733"
Dedham,-,1,"1,762",489,14,5,27,0,23,"2,320"
Dedham,-,2,"1,522",698,21,12,9,0,22,"2,284"
Dedham,-,3,"1,423",608,28,17,8,0,8,"2,092"
Dedham,-,4,"1,502",639,30,5,8,0,17,"2,201"
Dedham,-,5,"1,525",795,33,11,10,0,11,"2,385"
Dedham,-,6,"1,652",719,38,5,11,0,18,"2,443"
Dedham,-,7,"1,374",823,27,5,12,0,15,"2,256"
Deerfield,-,1,"2,425",839,55,21,10,0,20,"3,370"
Dennis,-,1,"1,280",868,20,2,8,0,13,"2,191"
Dennis,-,2,"1,316",862,21,4,12,0,16,"2,231"
Dennis,-,3,"1,109",674,25,8,5,0,6,"1,827"
Dennis,-,4,"1,266",792,23,14,11,0,6,"2,112"
Dennis,-,5,"1,210",742,30,8,11,0,12,"2,013"
Dighton,-,1,"1,000","1,147",36,12,10,0,8,"2,213"
Dighton,-,2,"1,139","1,326",26,13,15,0,11,"2,530"
Douglas,-,1,816,"1,051",31,11,0,0,15,"1,924"
Douglas,-,2,839,982,37,9,0,0,17,"1,884"
Douglas,-,3,803,923,23,9,0,0,21,"1,779"
Dover,-,1,"2,761","1,142",67,14,39,0,41,"4,064"
Dracut,-,1,893,820,26,11,0,0,15,"1,765"
Dracut,-,2,799,743,23,7,0,0,19,"1,591"
Dracut,-,3,942,947,28,2,0,0,19,"1,938"
Dracut,-,4,"1,124","1,210",33,8,0,0,52,"2,427"
Dracut,-,5,894,"1,010",34,10,0,0,8,"1,956"
Dracut,-,6,923,869,25,8,0,0,6,"1,831"
Dracut,-,6A,39,33,0,0,0,0,0,72
Dracut,-,7,986,811,21,9,0,0,5,"1,832"
Dracut,-,8,"1,155","1,397",39,6,0,0,30,"2,627"
Dracut,-,9,951,972,24,13,0,0,28,"1,988"
Dudley,-,1,"1,071","1,203",46,10,10,0,12,"2,352"
Dudley,-,2,906,"1,068",36,8,10,0,6,"2,034"
Dudley,-,3,767,921,21,9,6,0,5,"1,729"
Dunstable,-,1,"1,243",877,46,7,0,0,30,"2,203"
Duxbury,-,1,"1,326",753,29,4,13,0,18,"2,143"
Duxbury,-,2,"1,217",680,27,2,21,0,18,"1,965"
Duxbury,-,3,"1,168",659,33,4,9,0,9,"1,882"
Duxbury,-,4,"1,122",625,25,7,15,0,8,"1,802"
Duxbury,-,5,"1,054",714,23,3,12,0,13,"1,819"
Duxbury,-,6,"1,023",601,29,4,17,0,14,"1,688"
"E. Bridgewater",-,1,"1,034","1,098",36,9,11,0,14,"2,202"
"E. Bridgewater",-,2,"1,008","1,088",36,12,11,0,13,"2,168"
"E. Bridgewater",-,3,"1,111","1,159",26,11,6,0,12,"2,325"
"E. Bridgewater",-,4,"1,030","1,021",42,11,7,0,15,"2,126"
"E. Brookfield",-,1,593,741,18,7,6,0,5,"1,370"
"E. Longmeadow",-,1,"1,420","1,122",26,9,15,0,8,"2,600"
"E. Longmeadow",-,2,"1,274","1,025",26,13,6,0,10,"2,354"
"E. Longmeadow",-,3,"1,330","1,180",30,11,10,0,15,"2,576"
"E. Longmeadow",-,4,"1,271","1,296",37,9,12,0,16,"2,641"
Eastham,-,1,"2,864","1,151",48,16,21,0,17,"4,117"
Easthampton,-,1,"1,430",485,20,15,5,0,11,"1,966"
Easthampton,-,2,"1,685",412,31,24,12,0,11,"2,175"
Easthampton,-,3,"1,517",432,24,19,3,0,14,"2,009"
Easthampton,-,4,"1,810",400,24,29,8,0,12,"2,283"
Easthampton,-,5,"1,354",796,33,21,3,0,8,"2,215"
Easton,-,1,836,512,16,7,4,0,6,"1,381"
Easton,-,2,"1,651",996,49,16,9,0,16,"2,737"
Easton,-,3,"1,400",925,31,16,11,0,13,"2,396"
Easton,-,4,"1,578",925,37,18,15,0,18,"2,591"
Easton,-,5,"1,810","1,052",38,6,9,0,16,"2,931"
Easton,-,6,"1,440","1,057",27,14,14,0,17,"2,569"
Edgartown,-,1,"2,185",854,39,15,8,0,25,"3,126"
Egremont,-,1,783,174,8,7,1,0,3,976
Erving,-,1,550,355,15,4,5,0,7,936
Essex,-,1,"1,650",796,45,8,13,0,16,"2,528"
Everett,1,1,808,318,2,3,3,0,2,"1,136"
Everett,1,2,714,332,6,8,5,0,5,"1,070"
Everett,2,1,886,360,13,8,2,0,2,"1,271"
Everett,2,2,745,272,3,7,6,0,4,"1,037"
Everett,3,1,"1,008",391,12,7,9,0,1,"1,428"
Everett,3,2,872,345,7,6,2,0,6,"1,238"
Everett,4,1,916,415,7,7,7,0,6,"1,358"
Everett,4,2,797,298,11,4,3,0,10,"1,123"
Everett,5,1,905,338,6,3,7,0,11,"1,270"
Everett,5,2,851,277,3,6,2,0,10,"1,149"
Everett,6,1,969,382,27,7,1,0,8,"1,394"
Everett,6,2,"1,021",365,11,6,5,0,11,"1,419"
Fairhaven,-,1,"1,000",601,19,9,6,0,15,"1,650"
Fairhaven,-,2,913,688,20,6,4,0,17,"1,648"
Fairhaven,-,3,640,638,14,13,3,0,7,"1,315"
Fairhaven,-,4,875,713,26,8,1,0,14,"1,637"
Fairhaven,-,5,874,839,13,5,9,0,12,"1,752"
Fairhaven,-,6,791,796,22,4,7,0,7,"1,627"
"Fall River",1,A,765,763,20,7,2,0,42,"1,599"
"Fall River",1,B,600,518,21,6,0,0,1,"1,146"
"Fall River",1,C,637,613,21,2,3,0,13,"1,289"
"Fall River",2,A,518,388,16,4,2,0,4,932
"Fall River",2,B,442,395,11,5,2,0,8,863
"Fall River",2,C,522,455,17,6,0,0,9,"1,009"
"Fall River",3,A,370,541,16,9,1,0,282,"1,219"
"Fall River",3,B,656,525,6,8,0,0,11,"1,206"
"Fall River",3,C,713,619,16,3,3,0,15,"1,369"
"Fall River",4,A,535,348,9,5,0,0,9,906
"Fall River",4,B,522,319,9,2,2,0,9,863
"Fall River",4,C,562,313,13,9,2,0,11,910
"Fall River",5,A,396,285,10,7,1,0,5,704
"Fall River",5,B,345,197,8,9,2,0,6,567
"Fall River",5,B1,67,55,2,0,0,0,1,125
"Fall River",5,C,482,341,8,2,1,0,8,842
"Fall River",6,A,685,691,15,9,1,0,15,"1,416"
"Fall River",6,B,531,394,11,3,2,0,3,944
"Fall River",6,C,652,502,9,6,2,0,14,"1,185"
"Fall River",6,C1,18,11,1,0,0,0,1,31
"Fall River",7,A,696,515,17,4,5,0,8,"1,245"
"Fall River",7,B,598,367,17,1,6,0,8,997
"Fall River",7,C,748,450,13,6,0,0,13,"1,230"
"Fall River",8,A,636,444,9,2,0,0,19,"1,110"
"Fall River",8,B,914,645,13,7,1,0,15,"1,595"
"Fall River",8,C,948,779,20,12,5,0,14,"1,778"
"Fall River",9,A,"1,158",918,18,4,4,0,6,"2,108"
"Fall River",9,B,757,567,16,9,4,0,11,"1,364"
"Fall River",9,C,986,613,17,9,0,0,23,"1,648"
Falmouth,-,1,"2,096",522,23,10,17,0,21,"2,689"
Falmouth,-,2,"1,648",684,24,8,11,0,17,"2,392"
Falmouth,-,3,"1,460",824,22,10,7,0,18,"2,341"
Falmouth,-,4,"1,483",961,31,13,16,0,19,"2,523"
Falmouth,-,5,"1,752",852,40,13,8,0,20,"2,685"
Falmouth,-,6,"1,653",808,24,6,14,0,20,"2,525"
Falmouth,-,7,"1,368",922,21,11,8,0,19,"2,349"
Falmouth,-,8,"1,346",930,38,13,14,0,16,"2,357"
Falmouth,-,9,"1,328",816,22,12,1,0,14,"2,193"
Fitchburg,1,A,703,384,17,5,4,0,4,"1,117"
Fitchburg,1,B,845,450,22,9,3,0,6,"1,335"
Fitchburg,2,A,693,338,16,10,1,0,7,"1,065"
Fitchburg,2,B,869,636,25,11,4,0,4,"1,549"
Fitchburg,3,A,"1,147",855,32,10,7,0,16,"2,067"
Fitchburg,3,B,952,629,42,14,2,0,9,"1,648"
Fitchburg,4,A,405,272,11,3,0,0,3,694
Fitchburg,4,B,782,351,20,4,5,0,6,"1,168"
Fitchburg,5,A,"1,106",883,33,12,6,0,30,"2,070"
Fitchburg,5,B,570,285,18,9,2,0,7,891
Fitchburg,6,A,"1,044",725,20,7,5,0,8,"1,809"
Fitchburg,6,B,781,378,21,10,6,0,5,"1,201"
Florida,-,1,209,203,6,0,0,0,2,420
Foxborough,-,1,"1,213",738,41,10,2,0,13,"2,017"
Foxborough,-,2,"1,415",909,27,10,10,0,11,"2,382"
Foxborough,-,3,"1,350",936,38,8,6,0,11,"2,349"
Foxborough,-,4,"1,410",918,24,8,13,0,21,"2,394"
Foxborough,-,5,"1,352",856,33,7,12,0,23,"2,283"
Framingham,-,1,"1,793",668,26,10,12,0,10,"2,519"
Framingham,-,2,"2,170",720,55,12,16,0,11,"2,984"
Framingham,-,3,"1,588",503,29,7,14,0,10,"2,151"
Framingham,-,4,"1,882",572,26,9,11,0,10,"2,510"
Framingham,-,5,"1,684",623,28,17,11,0,16,"2,379"
Framingham,-,6,"1,656",614,36,8,19,0,19,"2,352"
Framingham,-,7,"1,619",525,25,10,15,0,12,"2,206"
Framingham,-,8,"1,594",471,22,10,6,0,13,"2,116"
Framingham,-,9,"1,153",385,19,8,10,0,10,"1,585"
Framingham,-,10,999,270,16,6,4,0,3,"1,298"
Framingham,-,11,"1,859",608,34,14,15,0,22,"2,552"
Framingham,-,12,849,279,9,3,13,0,8,"1,161"
Framingham,-,13,"1,131",368,17,11,3,0,9,"1,539"
Framingham,-,14,857,240,16,10,9,0,13,"1,145"
Framingham,-,15,918,292,9,8,6,0,6,"1,239"
Framingham,-,16,517,171,6,1,3,0,1,699
Framingham,-,17,567,131,3,3,3,0,5,712
Framingham,-,18,786,272,15,3,3,0,9,"1,088"
Franklin,-,1,"1,372",824,31,10,17,0,17,"2,271"
Franklin,-,2,"1,571",919,42,17,20,0,20,"2,589"
Franklin,-,3,"1,451",926,46,15,11,0,14,"2,463"
Franklin,-,4,"1,660","1,062",56,9,2,0,42,"2,831"
Franklin,-,5,"1,792",960,39,16,16,0,20,"2,843"
Franklin,-,6,"1,416",717,38,15,4,0,25,"2,215"
Franklin,-,7,"1,727",881,48,7,9,0,23,"2,695"
Franklin,-,8,"1,486","1,056",38,12,8,0,45,"2,645"
Freetown,-,1,841,943,25,9,11,0,5,"1,834"
Freetown,-,2,825,992,16,8,3,0,12,"1,856"
Freetown,-,3,817,971,29,9,7,0,10,"1,843"
Gardner,1,A,679,454,22,5,4,0,14,"1,178"
Gardner,1,B,233,249,7,0,1,0,5,495
Gardner,2,A,572,426,22,7,1,0,11,"1,039"
Gardner,2,B,610,549,29,9,2,0,6,"1,205"
Gardner,3,A,476,363,20,9,1,0,3,872
Gardner,3,B,606,416,23,2,2,0,8,"1,057"
Gardner,4,A,581,341,23,9,3,0,8,965
Gardner,4,B,369,298,24,7,1,0,4,703
Gardner,5,A,480,350,20,6,0,0,2,858
Gardner,5,B,607,493,21,6,6,0,12,"1,145"
Georgetown,-,1,"1,100",948,26,10,12,0,12,"2,108"
Georgetown,-,2,983,760,30,5,13,0,7,"1,798"
Georgetown,-,3,968,680,28,7,15,0,11,"1,709"
Gill,-,1,679,279,18,5,6,0,2,989
Gloucester,1,1,"1,453",556,18,5,21,0,18,"2,071"
Gloucester,1,2,"1,187",536,24,10,6,0,6,"1,769"
Gloucester,2,1,939,456,30,11,8,0,12,"1,456"
Gloucester,2,2,903,410,12,9,7,0,9,"1,350"
Gloucester,3,1,"1,007",500,12,7,10,0,19,"1,555"
Gloucester,3,2,"1,021",526,14,6,11,0,13,"1,591"
Gloucester,4,1,"1,156",649,20,13,9,0,23,"1,870"
Gloucester,4,2,"1,645",513,32,12,11,0,14,"2,227"
Gloucester,5,1,"1,456",688,21,7,21,0,22,"2,215"
Gloucester,5,2,"1,371",761,34,8,17,0,18,"2,209"
Goshen,-,1,418,231,15,5,3,0,1,673
Gosnold,-,1,56,22,2,1,1,0,0,82
Grafton,-,1,"1,340",791,50,21,14,0,10,"2,226"
Grafton,-,2,"1,463",809,26,15,11,0,17,"2,341"
Grafton,-,3,"1,509",819,37,12,8,0,16,"2,401"
Grafton,-,4,"1,269",797,25,13,6,0,22,"2,132"
Grafton,-,5,"1,558",795,37,10,18,0,13,"2,431"
Granby,-,1,"1,149",859,32,12,5,0,10,"2,067"
Granby,-,2,906,956,24,10,3,0,11,"1,910"
Granville,-,1,402,565,20,3,0,0,12,"1,002"
"Great Barrington",-,A,900,172,14,7,1,0,2,"1,096"
"Great Barrington",-,B,861,203,14,9,5,0,3,"1,095"
"Great Barrington",-,C,702,91,7,6,6,0,1,813
"Great Barrington",-,D,905,188,9,6,6,0,9,"1,123"
Greenfield,-,1,728,322,23,4,7,0,6,"1,090"
Greenfield,-,2,896,327,18,10,3,0,41,"1,295"
Greenfield,-,3,801,293,8,10,2,0,21,"1,135"
Greenfield,-,4,870,296,16,7,2,0,18,"1,209"
Greenfield,-,5,841,195,13,9,7,0,33,"1,098"
Greenfield,-,6,879,186,20,15,8,0,95,"1,203"
Greenfield,-,7,615,236,8,12,5,0,30,906
Greenfield,-,8,701,185,14,11,5,0,35,951
Greenfield,-,9,552,225,16,5,3,0,19,820
Groton,-,1,"1,735",709,44,8,14,0,24,"2,534"
Groton,-,2,"1,561",788,44,17,12,0,26,"2,448"
Groton,-,3,"1,645",652,37,4,15,0,21,"2,374"
Groveland,-,1,"1,230",954,48,11,8,0,12,"2,263"
Groveland,-,2,"1,191","1,022",44,11,17,0,18,"2,303"
Hadley,-,1,"2,476",925,49,27,16,0,22,"3,515"
Halifax,-,1,"1,166","1,305",41,14,9,0,11,"2,546"
Halifax,-,2,"1,188","1,093",34,16,8,0,8,"2,347"
Hamilton,-,1,"1,228",578,33,6,14,0,18,"1,877"
Hamilton,-,2,"1,198",544,40,7,13,0,10,"1,812"
Hamilton,-,3,938,336,32,5,16,0,12,"1,339"
Hampden,-,1,"1,539","1,713",58,16,13,0,36,"3,375"
Hancock,-,1,257,207,9,3,2,0,4,482
Hanover,-,1,"1,220","1,185",54,13,18,0,18,"2,508"
Hanover,-,2,"1,267","1,154",33,6,15,0,15,"2,490"
Hanover,-,3,"1,203","1,038",28,4,10,0,16,"2,299"
Hanover,-,4,"1,220","1,130",38,5,11,0,18,"2,422"
Hanson,-,1,"1,098","1,123",42,11,7,0,19,"2,300"
Hanson,-,2,"1,125","1,095",43,16,12,0,21,"2,312"
Hanson,-,3,"1,021","1,096",40,7,5,0,18,"2,187"
Hardwick,-,1,749,733,32,7,8,0,5,"1,534"
Harvard,-,1,"3,074",954,71,18,12,0,28,"4,157"
Harwich,-,1,"1,540",866,28,13,18,0,17,"2,482"
Harwich,-,2,"1,461",860,34,8,11,0,29,"2,403"
Harwich,-,3,"1,476",864,40,17,10,0,16,"2,423"
Harwich,-,4,"1,356",775,47,9,15,0,7,"2,209"
Hatfield,-,1,"1,578",686,23,15,11,0,10,"2,323"
Haverhill,1,1,619,343,12,7,3,0,5,989
Haverhill,1,2,"1,043",446,16,10,4,0,15,"1,534"
Haverhill,1,3,828,472,20,8,4,0,8,"1,340"
Haverhill,2,1,834,479,25,9,13,0,8,"1,368"
Haverhill,2,2,877,662,18,11,7,0,11,"1,586"
Haverhill,2,3,611,291,16,7,5,0,2,932
Haverhill,3,1,626,225,16,10,5,0,6,888
Haverhill,3,2,795,354,15,11,4,0,10,"1,189"
Haverhill,3,3,798,411,9,10,6,0,6,"1,240"
Haverhill,4,1,956,696,30,6,14,0,9,"1,711"
Haverhill,4,2,"1,016",877,19,9,11,0,12,"1,944"
Haverhill,4,3,"1,016",728,32,9,8,0,13,"1,806"
Haverhill,5,1,"1,009",676,21,8,4,0,6,"1,724"
Haverhill,5,2,994,823,20,10,11,0,5,"1,863"
Haverhill,5,3,987,"1,024",21,11,10,0,7,"2,060"
Haverhill,6,1,908,633,28,7,7,0,5,"1,588"
Haverhill,6,2,915,646,24,13,6,0,9,"1,613"
Haverhill,6,3,"1,067",715,17,9,14,0,14,"1,836"
Haverhill,7,1,"1,116",628,34,9,7,0,8,"1,802"
Haverhill,7,2,906,608,15,9,8,0,6,"1,552"
Haverhill,7,3,"1,099",834,36,14,18,0,6,"2,007"
Hawley,-,1,155,70,3,3,0,0,0,231
Heath,-,1,294,158,8,6,2,0,2,470
Hingham,-,1,"1,875",794,32,6,26,0,23,"2,756"
Hingham,-,2,"1,900",845,40,10,17,0,30,"2,842"
Hingham,-,3,"1,873",811,35,8,28,0,27,"2,782"
Hingham,-,4,"1,683",734,36,4,30,0,24,"2,511"
Hingham,-,5,"1,090",716,28,4,17,0,21,"1,876"
Hingham,-,5A,861,256,4,4,1,0,13,"1,139"
Hingham,-,6,"1,573",830,33,7,18,0,19,"2,480"
Hinsdale,-,1,771,402,18,15,4,0,6,"1,216"
Holbrook,-,1,989,531,9,8,7,0,15,"1,559"
Holbrook,-,2,894,686,30,6,8,0,7,"1,631"
Holbrook,-,3,928,592,17,11,2,0,10,"1,560"
Holbrook,-,4,899,572,15,6,3,0,13,"1,508"
Holden,-,1,"1,362","1,004",46,14,20,0,19,"2,465"
Holden,-,2,"1,473","1,017",32,18,12,0,15,"2,567"
Holden,-,3,"1,351",835,40,18,11,0,16,"2,271"
Holden,-,4,"1,665","1,095",41,9,16,0,17,"2,843"
Holden,-,5,"1,474","1,045",41,6,9,0,15,"2,590"
Holland,-,1,698,793,38,7,9,0,13,"1,558"
Holliston,-,1,"1,765",740,44,11,20,0,14,"2,594"
Holliston,-,2,"1,739",608,39,12,16,0,19,"2,433"
Holliston,-,3,"1,761",612,42,9,10,0,12,"2,446"
Holliston,-,4,"1,506",619,36,13,15,0,5,"2,194"
Holyoke,1,A,448,190,2,2,0,0,9,651
Holyoke,1,B,583,193,8,8,0,0,11,803
Holyoke,2,A,547,211,4,6,0,0,7,775
Holyoke,2,B,493,188,5,7,0,0,6,699
Holyoke,3,A,857,334,17,15,1,0,16,"1,240"
Holyoke,3,B,948,489,15,15,2,0,14,"1,483"
Holyoke,4,A,481,159,7,6,1,0,6,660
Holyoke,4,B,754,247,11,11,1,0,18,"1,042"
Holyoke,5,A,"1,120",783,26,10,4,0,8,"1,951"
Holyoke,5,B,807,485,10,8,4,0,12,"1,326"
Holyoke,6,A,786,268,17,9,3,0,11,"1,094"
Holyoke,6,B,949,373,14,10,2,0,23,"1,371"
Holyoke,7,A,"1,235",559,15,8,2,0,16,"1,835"
Holyoke,7,B,"1,144",364,18,13,1,0,13,"1,553"
Hopedale,-,1,"2,285","1,385",62,22,21,0,26,"3,801"
Hopkinton,-,1,"2,032",774,35,18,24,0,17,"2,900"
Hopkinton,-,2,"1,729",775,32,8,18,0,14,"2,576"
Hopkinton,-,3,"1,586",745,32,9,16,0,13,"2,401"
Hopkinton,-,4,"1,700",687,44,8,24,0,14,"2,477"
Hubbardston,-,1,"1,390","1,442",63,21,11,0,16,"2,943"
Hudson,-,1,"1,130",570,26,10,10,0,11,"1,757"
Hudson,-,2,931,447,31,11,8,0,8,"1,436"
Hudson,-,3,"1,021",707,32,8,6,0,13,"1,787"
Hudson,-,4,"1,144",612,40,12,5,0,9,"1,822"
Hudson,-,5,"1,429",637,32,12,5,0,16,"2,131"
Hudson,-,6,848,454,12,12,7,0,8,"1,341"
Hudson,-,7,911,425,23,6,9,0,5,"1,379"
Hull,-,1,"1,617",713,26,8,9,0,16,"2,389"
Hull,-,2,"1,306",811,24,12,8,0,19,"2,180"
Hull,-,3,"1,584",909,27,13,13,0,20,"2,566"
Huntington,-,1,585,593,24,13,2,0,6,"1,223"
Ipswich,-,1,"1,645",607,27,13,8,0,21,"2,321"
Ipswich,-,2,"1,690",790,39,11,6,0,42,"2,578"
Ipswich,-,3,"1,369",891,43,11,13,0,25,"2,352"
Ipswich,-,4,"1,569",821,40,8,13,0,26,"2,477"
Kingston,-,1,"1,142",809,29,9,5,0,16,"2,010"
Kingston,-,2,"1,174","1,083",39,5,8,0,11,"2,320"
Kingston,-,3,"1,193","1,063",58,8,9,0,11,"2,342"
Kingston,-,4,"1,013",820,38,9,6,0,11,"1,897"
Lakeville,-,1,"1,019","1,204",36,10,6,0,18,"2,293"
Lakeville,-,2,"1,018","1,255",58,14,10,0,14,"2,369"
Lakeville,-,3,"1,299","1,319",46,14,15,0,22,"2,715"
Lancaster,-,1,"1,154",865,46,13,12,0,12,"2,102"
Lancaster,-,2,"1,304",897,42,8,13,0,18,"2,282"
Lanesborough,-,1,"1,237",604,31,9,10,0,5,"1,896"
Lawrence,A,1,746,261,12,1,1,0,8,"1,029"
Lawrence,A,2,571,163,5,6,1,0,5,751
Lawrence,A,3,667,297,12,6,0,0,8,990
Lawrence,A,4,804,253,8,2,6,0,2,"1,075"
Lawrence,B,1,748,176,9,4,6,0,1,944
Lawrence,B,2,543,126,14,2,0,0,3,688
Lawrence,B,3,647,177,8,2,2,0,6,842
Lawrence,B,4,683,195,10,6,1,0,9,904
Lawrence,C,1,586,183,8,1,2,0,4,784
Lawrence,C,2,863,307,15,4,6,0,9,"1,204"
Lawrence,C,3,603,158,6,3,3,0,3,776
Lawrence,C,4,689,187,8,3,2,0,10,899
Lawrence,D,1,755,258,6,4,1,0,7,"1,031"
Lawrence,D,2,593,161,6,2,0,0,7,769
Lawrence,D,3,492,151,1,2,0,0,13,659
Lawrence,D,4,627,180,7,2,1,0,4,821
Lawrence,E,1,937,523,10,5,6,0,12,"1,493"
Lawrence,E,2,958,479,17,6,7,0,14,"1,481"
Lawrence,E,3,629,287,8,4,4,0,3,935
Lawrence,E,4,742,275,6,5,2,0,4,"1,034"
Lawrence,F,1,939,390,23,11,8,0,6,"1,377"
Lawrence,F,2,651,144,4,6,0,0,7,812
Lawrence,F,3,825,232,7,8,2,0,10,"1,084"
Lawrence,F,4,725,240,11,3,2,0,4,985
Lee,-,1,"2,415",985,51,23,15,0,17,"3,506"
Leicester,-,1,767,856,36,5,9,0,11,"1,684"
Leicester,-,2,794,752,18,13,8,0,8,"1,593"
Leicester,-,3,750,795,21,11,5,0,12,"1,594"
Leicester,-,4,790,743,28,10,4,0,7,"1,582"
Lenox,-,1,"2,701",602,30,17,18,0,14,"3,382"
Leominster,1,A,982,712,33,10,2,0,14,"1,753"
Leominster,1,B,980,613,36,11,5,0,14,"1,659"
Leominster,1,C,801,493,23,12,5,0,9,"1,343"
Leominster,2,A,680,376,23,11,3,0,6,"1,099"
Leominster,2,B,742,559,23,16,4,0,12,"1,356"
Leominster,2,C,458,355,12,7,1,0,2,835
Leominster,3,A,653,444,21,3,1,0,8,"1,130"
Leominster,3,B,"1,064",672,20,8,9,0,12,"1,785"
Leominster,3,C,"1,034",836,31,5,8,0,11,"1,925"
Leominster,4,A,931,775,27,4,8,0,10,"1,755"
Leominster,4,B,896,742,39,15,8,0,16,"1,716"
Leominster,4,C,746,493,25,7,5,0,8,"1,284"
Leominster,5,A,772,515,21,14,2,0,8,"1,332"
Leominster,5,B,927,597,22,11,9,0,9,"1,575"
Leominster,5,C,678,410,14,11,4,0,10,"1,127"
Leverett,-,1,"1,193",163,12,12,6,0,4,"1,390"
Lexington,-,1,"1,568",340,20,7,3,0,19,"1,957"
Lexington,-,2,"2,021",307,24,18,12,0,15,"2,397"
Lexington,-,3,"1,666",304,18,3,13,0,10,"2,014"
Lexington,-,4,"1,895",355,26,7,12,0,10,"2,305"
Lexington,-,5,"1,911",471,17,9,21,0,12,"2,441"
Lexington,-,6,"1,852",376,22,6,15,0,12,"2,283"
Lexington,-,7,"1,792",440,21,11,12,0,14,"2,290"
Lexington,-,8,"1,754",365,22,15,8,0,11,"2,175"
Lexington,-,9,"1,849",379,23,21,17,0,17,"2,306"
Leyden,-,1,330,155,11,4,2,0,1,503
Lincoln,-,1,"2,139",354,32,15,19,0,17,"2,576"
Lincoln,-,2,"1,354",329,19,6,4,0,12,"1,724"
Littleton,-,1,"1,588",752,59,7,22,0,7,"2,435"
Littleton,-,2,"1,453",673,39,6,10,0,18,"2,199"
Littleton,-,3,"1,438",555,53,11,25,0,6,"2,088"
Longmeadow,-,A,"1,425",649,27,4,12,0,9,"2,126"
Longmeadow,-,B,"1,263",604,29,6,8,0,18,"1,928"
Longmeadow,-,C,"1,378",794,34,14,11,0,17,"2,248"
Longmeadow,-,D,"1,241",730,30,2,11,0,12,"2,026"
Longmeadow,-,E,"1,372",716,23,6,6,0,5,"2,128"
Lowell,1,1,718,253,9,8,2,0,10,"1,000"
Lowell,1,2,"1,264",827,20,7,6,0,21,"2,145"
Lowell,1,3,"1,161",630,24,12,17,0,8,"1,852"
Lowell,2,1,385,85,9,2,1,0,3,485
Lowell,2,2,697,210,11,5,3,0,17,943
Lowell,2,3,"1,336",221,24,24,3,0,17,"1,625"
Lowell,3,1,748,338,13,3,2,0,11,"1,115"
Lowell,3,2,626,274,15,9,1,0,9,934
Lowell,3,3,634,283,12,12,2,0,4,947
Lowell,4,1,803,394,11,5,3,0,0,"1,216"
Lowell,4,2,525,214,1,5,2,0,6,753
Lowell,4,3,661,259,9,5,1,0,6,941
Lowell,5,1,706,350,24,11,0,0,6,"1,097"
Lowell,5,2,596,288,5,4,2,0,7,902
Lowell,5,3,719,502,18,10,5,0,7,"1,261"
Lowell,6,1,952,596,17,8,3,0,20,"1,596"
Lowell,6,2,"1,029",581,29,7,1,0,9,"1,656"
Lowell,6,3,888,582,10,7,5,0,15,"1,507"
Lowell,7,1,573,221,7,5,1,0,6,813
Lowell,7,2,717,230,12,4,1,0,10,974
Lowell,7,3,413,242,5,2,1,0,8,671
Lowell,8,1,792,313,17,4,1,0,11,"1,138"
Lowell,8,2,847,484,7,8,3,0,6,"1,355"
Lowell,8,3,"1,113",621,18,5,5,0,14,"1,776"
Lowell,9,1,734,370,11,5,4,0,7,"1,131"
Lowell,9,2,900,464,23,8,2,0,8,"1,405"
Lowell,9,3,797,405,21,10,0,0,13,"1,246"
Lowell,10,1,708,349,9,5,4,0,9,"1,084"
Lowell,10,2,570,201,11,4,0,0,6,792
Lowell,10,3,442,183,9,1,2,0,2,639
Lowell,11,1,819,425,14,8,5,0,5,"1,276"
Lowell,11,2,823,547,25,6,2,0,4,"1,407"
Lowell,11,3,848,404,16,10,6,0,16,"1,300"
Ludlow,-,1,968,996,25,14,5,0,12,"2,020"
Ludlow,-,2,776,648,12,8,12,0,14,"1,470"
Ludlow,-,3,942,"1,276",22,9,10,0,12,"2,271"
Ludlow,-,4,945,908,25,10,0,0,10,"1,898"
Ludlow,-,5,717,746,22,8,4,0,6,"1,503"
Ludlow,-,6,"1,119","1,121",21,8,7,0,15,"2,291"
Lunenburg,-,A,"1,014",735,39,12,13,0,10,"1,823"
Lunenburg,-,B,955,670,32,9,10,0,6,"1,682"
Lunenburg,-,C,"1,078",857,29,10,10,0,6,"1,990"
Lunenburg,-,D,980,674,42,12,11,0,10,"1,729"
Lynn,1,1,"1,060",853,14,7,13,0,13,"1,960"
Lynn,1,2,"1,238",807,35,14,11,0,18,"2,123"
Lynn,1,3,"1,116",612,12,9,7,0,11,"1,767"
Lynn,1,4,"1,150",494,18,17,9,0,14,"1,702"
Lynn,2,1,"1,225",725,20,8,10,0,14,"2,002"
Lynn,2,2,902,300,10,5,3,0,9,"1,229"
Lynn,2,3,726,184,2,7,1,0,5,925
Lynn,2,4,648,193,11,4,1,0,1,858
Lynn,3,1,"1,001",479,16,11,3,0,3,"1,513"
Lynn,3,2,910,316,10,6,6,0,4,"1,252"
Lynn,3,3,910,354,19,10,5,0,10,"1,308"
Lynn,3,4,"1,107",333,16,8,7,0,27,"1,498"
Lynn,4,1,532,132,7,5,3,0,7,686
Lynn,4,2,602,177,6,5,6,0,4,800
Lynn,4,3,777,288,12,8,5,0,6,"1,096"
Lynn,4,4,"1,058",349,16,9,4,0,13,"1,449"
Lynn,5,1,958,368,18,7,2,0,10,"1,363"
Lynn,5,2,541,152,7,3,3,0,8,714
Lynn,5,3,581,169,1,0,1,0,6,758
Lynn,5,4,"1,028",416,9,7,4,0,16,"1,480"
Lynn,6,1,707,225,13,7,10,0,7,969
Lynn,6,2,503,190,6,8,1,0,3,711
Lynn,6,3,710,293,6,4,4,0,8,"1,025"
Lynn,6,4,671,251,6,4,1,0,5,938
Lynn,7,1,"1,268",582,21,16,4,0,13,"1,904"
Lynn,7,2,"1,071",461,11,12,5,0,3,"1,563"
Lynn,7,3,758,335,5,5,2,0,9,"1,114"
Lynn,7,4,904,387,16,3,7,0,2,"1,319"
Lynnfield,-,1,"1,106",953,21,9,12,0,11,"2,112"
Lynnfield,-,2,"1,157",966,15,6,12,0,22,"2,178"
Lynnfield,-,3,939,937,20,14,10,0,6,"1,926"
Lynnfield,-,4,"1,011","1,113",33,3,8,0,16,"2,184"
Malden,1,1,"1,086",223,11,9,3,0,11,"1,343"
Malden,1,2,"1,186",412,16,12,8,0,7,"1,641"
Malden,2,1,997,317,9,3,3,0,13,"1,342"
Malden,2,2,"1,041",475,12,8,4,0,10,"1,550"
Malden,3,1,"1,392",358,22,9,10,0,11,"1,802"
Malden,3,2,"1,470",469,30,14,8,0,15,"2,006"
Malden,4,1,"1,060",241,16,10,4,0,8,"1,339"
Malden,4,2,961,214,18,10,4,0,5,"1,212"
Malden,5,1,"1,246",318,19,11,8,0,6,"1,608"
Malden,5,2,"1,559",545,25,9,10,0,7,"2,155"
Malden,6,1,"1,322",475,8,4,4,0,6,"1,819"
Malden,6,2,"1,183",411,20,10,6,0,9,"1,639"
Malden,7,1,"1,047",238,9,4,1,0,10,"1,309"
Malden,7,2,"1,045",385,9,11,5,0,2,"1,457"
Malden,8,1,"1,237",521,19,10,6,0,10,"1,803"
Malden,8,2,"1,279",424,11,7,7,0,4,"1,732"
Manchester-by-the-Sea,-,1,"2,712","1,014",53,14,26,0,22,"3,841"
Mansfield,-,1,"1,429",996,33,11,11,0,22,"2,502"
Mansfield,-,2,"1,538",941,37,14,13,0,11,"2,554"
Mansfield,-,3,"1,557",951,41,6,17,0,22,"2,594"
Mansfield,-,4,"1,514",845,33,10,12,0,18,"2,432"
Mansfield,-,5,"1,439",728,42,14,12,0,14,"2,249"
Mansfield,-,6,"1,547",688,36,11,11,0,13,"2,306"
Marblehead,-,1,"1,800",620,33,6,16,0,13,"2,488"
Marblehead,-,2,"1,777",597,30,10,16,0,26,"2,456"
Marblehead,-,3,"1,554",589,24,9,16,0,20,"2,212"
Marblehead,-,4,"1,702",668,29,10,25,0,17,"2,451"
Marblehead,-,5,"1,615",667,28,4,13,0,16,"2,343"
Marblehead,-,6,"1,680",649,32,8,7,0,17,"2,393"
Marion,-,1,"2,369","1,244",52,11,20,0,21,"3,717"
Marlborough,1,1,866,380,14,5,6,0,5,"1,276"
Marlborough,1,2,"1,229",573,20,5,14,0,20,"1,861"
Marlborough,2,1,962,508,23,7,6,0,8,"1,514"
Marlborough,2,2,878,374,21,5,1,0,13,"1,292"
Marlborough,3,1,679,339,19,10,2,0,10,"1,059"
Marlborough,3,2,"1,305",568,18,13,8,0,19,"1,931"
Marlborough,4,1,565,306,11,3,7,0,3,895
Marlborough,4,2,"1,062",535,19,7,11,0,23,"1,657"
Marlborough,5,1,640,292,11,3,3,0,4,953
Marlborough,5,2,"1,018",466,22,12,12,0,10,"1,540"
Marlborough,6,1,703,347,14,5,3,0,4,"1,076"
Marlborough,6,2,"1,060",601,34,8,9,0,13,"1,725"
Marlborough,7,1,845,430,10,4,6,0,7,"1,302"
Marlborough,7,2,798,381,14,3,5,0,11,"1,212"
Marshfield,-,1,"1,402","1,082",26,12,0,0,20,"2,542"
Marshfield,-,2,"1,345","1,067",44,12,0,0,27,"2,495"
Marshfield,-,3,"1,315","1,046",31,11,0,0,23,"2,426"
Marshfield,-,4,"1,359","1,044",34,11,0,0,25,"2,473"
Marshfield,-,5,"1,252",945,39,9,0,0,27,"2,272"
Marshfield,-,6,"1,540","1,197",30,17,1,0,30,"2,815"
Marshfield,-,7,"1,458","1,117",29,7,0,0,26,"2,637"
Mashpee,-,1,"1,436",847,18,6,5,0,25,"2,337"
Mashpee,-,2,"1,121",792,34,6,10,0,15,"1,978"
Mashpee,-,3,942,683,25,7,5,0,12,"1,674"
Mashpee,-,4,"1,155",700,26,15,3,0,19,"1,918"
Mashpee,-,5,"1,328","1,064",19,7,9,0,23,"2,450"
Mattapoisett,-,1,"2,730","1,888",53,18,8,0,44,"4,741"
Maynard,-,1,"1,247",435,31,15,9,0,4,"1,741"
Maynard,-,2,"1,221",379,18,7,6,0,5,"1,636"
Maynard,-,3,"1,346",452,19,13,11,0,5,"1,846"
Maynard,-,4,"1,128",406,21,9,13,0,3,"1,580"
Medfield,-,1,"1,486",625,35,7,0,0,36,"2,189"
Medfield,-,2,"1,471",541,39,4,0,0,52,"2,107"
Medfield,-,3,"1,405",625,41,3,0,0,76,"2,150"
Medfield,-,4,"1,306",583,33,7,0,0,111,"2,040"
Medford,1,1,"1,342",506,14,15,12,0,24,"1,913"
Medford,1,2,"1,431",528,17,13,10,0,26,"2,025"
Medford,2,1,"1,345",630,24,14,6,0,35,"2,054"
Medford,2,2,"1,479",729,17,9,13,0,20,"2,267"
Medford,3,1,"1,416",655,15,15,10,0,28,"2,139"
Medford,3,2,"1,608",682,26,11,16,0,26,"2,369"
Medford,4,1,866,156,3,12,8,0,14,"1,059"
Medford,4,2,"1,678",423,21,23,3,0,30,"2,178"
Medford,5,1,"1,652",352,29,26,7,0,23,"2,089"
Medford,5,2,"1,359",277,15,15,2,0,17,"1,685"
Medford,6,1,"2,001",368,21,8,25,0,20,"2,443"
Medford,6,2,"1,605",488,19,7,13,0,23,"2,155"
Medford,7,1,"1,007",264,11,3,0,0,15,"1,300"
Medford,7,2,"1,652",480,27,8,11,0,21,"2,199"
Medford,8,1,"1,676",540,18,15,9,0,23,"2,281"
Medford,8,2,"1,378",488,17,14,5,0,19,"1,921"
Medway,-,1,"1,194",732,30,10,21,0,17,"2,004"
Medway,-,2,"1,289",755,33,13,16,0,13,"2,119"
Medway,-,3,"1,333",724,53,13,12,0,13,"2,148"
Medway,-,4,"1,340",793,39,7,9,0,16,"2,204"
Melrose,1,1,"1,010",273,16,5,6,0,2,"1,312"
Melrose,1,2,940,282,14,7,12,0,11,"1,266"
Melrose,2,1,957,407,10,5,11,0,13,"1,403"
Melrose,2,2,854,360,15,3,2,0,3,"1,237"
Melrose,3,1,953,283,9,3,10,0,6,"1,264"
Melrose,3,2,859,315,15,1,3,0,7,"1,200"
Melrose,4,1,932,270,15,4,7,0,2,"1,230"
Melrose,4,2,951,478,14,7,11,0,15,"1,476"
Melrose,5,1,"1,120",290,10,8,13,0,6,"1,447"
Melrose,5,2,959,254,16,6,4,0,6,"1,245"
Melrose,6,1,959,328,15,3,9,0,10,"1,324"
Melrose,6,2,872,428,15,5,13,0,4,"1,337"
Melrose,7,1,908,311,17,10,7,0,5,"1,258"
Melrose,7,2,939,367,16,4,6,0,7,"1,339"
Mendon,-,1,"2,067","1,774",73,25,5,0,50,"3,994"
Merrimac,-,1,"1,304",810,41,7,12,0,20,"2,194"
Merrimac,-,2,"1,245",915,30,10,17,0,10,"2,227"
Methuen,-,1,"1,132",834,22,7,8,0,12,"2,015"
Methuen,-,2,886,333,7,6,4,0,17,"1,253"
Methuen,-,3,"1,178",875,13,12,4,0,22,"2,104"
Methuen,-,4,"1,166",762,21,17,10,0,14,"1,990"
Methuen,-,5,"1,104",700,23,10,7,0,11,"1,855"
Methuen,-,6,"1,196",780,9,12,5,0,15,"2,017"
Methuen,-,7,"1,292","1,058",23,3,6,0,13,"2,395"
Methuen,-,8,"1,263","1,372",30,7,11,0,18,"2,701"
Methuen,-,9,"1,192","1,195",24,13,9,0,19,"2,452"
Methuen,-,10,"1,270",790,24,7,7,0,8,"2,106"
Methuen,-,11,"1,339","1,230",32,8,13,0,9,"2,631"
Methuen,-,12,"1,310","1,198",28,9,13,0,19,"2,577"
Middleborough,-,1,"1,348","1,444",37,8,9,0,19,"2,865"
Middleborough,-,2,"1,104",984,49,10,9,0,8,"2,164"
Middleborough,-,3,"1,016","1,259",30,11,9,0,9,"2,334"
Middleborough,-,4,907,931,40,12,10,0,11,"1,911"
Middleborough,-,5,"1,048","1,392",51,14,12,0,9,"2,526"
Middleborough,-,6,901,"1,154",35,16,7,0,10,"2,123"
Middlefield,-,1,199,124,9,1,1,0,1,335
Middleton,-,1,"1,405","1,399",39,9,12,0,27,"2,891"
Middleton,-,2,"1,359","1,567",38,12,18,0,20,"3,014"
Milford,-,1,692,427,18,7,2,0,3,"1,149"
Milford,-,2,"1,016",655,23,8,8,0,10,"1,720"
Milford,-,3,"1,030",746,21,12,15,0,10,"1,834"
Milford,-,4,774,520,11,8,4,0,6,"1,323"
Milford,-,5,"1,479",955,26,13,17,0,22,"2,512"
Milford,-,6,"1,132",674,25,8,9,0,8,"1,856"
Milford,-,7,"1,294",869,31,9,11,0,23,"2,237"
Milford,-,8,"1,283",698,29,13,8,0,14,"2,045"
Millbury,-,1,"1,010",944,32,7,5,0,17,"2,015"
Millbury,-,2,"1,114","1,073",36,14,7,0,15,"2,259"
Millbury,-,3,"1,007",898,46,15,7,0,12,"1,985"
Millbury,-,4,"1,065",824,35,17,6,0,7,"1,954"
Millis,-,1,"1,161",631,20,9,9,0,4,"1,834"
Millis,-,2,"1,109",661,42,11,9,0,19,"1,851"
Millis,-,3,"1,232",709,19,13,4,0,15,"1,992"
Millville,-,1,821,976,37,7,7,0,8,"1,856"
Milton,-,1,"1,516",254,19,3,8,0,5,"1,805"
Milton,-,2,"1,551",261,14,2,11,0,12,"1,851"
Milton,-,3,"1,444",444,26,0,12,0,14,"1,940"
Milton,-,4,"1,460",354,19,4,5,0,10,"1,852"
Milton,-,5,"1,132",353,16,3,9,0,19,"1,532"
Milton,-,6,"1,213",643,25,7,15,0,13,"1,916"
Milton,-,7,"1,083",562,13,4,14,0,13,"1,689"
Milton,-,8,"1,197",654,19,8,22,0,21,"1,921"
Milton,-,9,"1,212",735,13,9,22,0,15,"2,006"
Milton,-,10,"1,054",181,14,5,10,0,8,"1,272"
Monroe,-,1,28,31,1,0,0,0,0,60
Monson,-,A,791,871,22,12,7,0,10,"1,713"
Monson,-,B,815,851,38,7,2,0,9,"1,722"
Monson,-,C,840,866,37,12,4,0,11,"1,770"
Montague,-,1,846,178,11,13,5,0,3,"1,056"
Montague,-,2,521,272,24,12,8,0,3,840
Montague,-,3,554,211,14,3,2,0,6,790
Montague,-,4,590,231,14,7,3,0,7,852
Montague,-,5,480,128,8,12,3,0,3,634
Montague,-,6,529,191,15,9,4,0,5,753
Monterey,-,1,481,102,6,2,1,0,4,596
Montgomery,-,1,246,312,4,1,1,0,1,565
"Mount Washington",-,1,102,16,1,4,2,0,3,128
Nahant,-,1,"1,629",842,30,7,16,0,9,"2,533"
Nantucket,-,1,"5,241","1,914",81,41,29,0,32,"7,338"
Natick,-,1,"1,106",299,13,7,2,0,11,"1,438"
Natick,-,2,"1,744",534,28,18,12,0,26,"2,362"
Natick,-,3,"1,615",552,28,8,20,0,11,"2,234"
Natick,-,4,"1,580",476,40,5,8,0,23,"2,132"
Natick,-,5,"1,569",564,25,11,9,0,14,"2,192"
Natick,-,6,"1,566",542,22,7,10,0,19,"2,166"
Natick,-,7,"1,763",444,15,5,27,0,17,"2,271"
Natick,-,8,"1,744",535,28,7,9,0,21,"2,344"
Natick,-,9,"1,661",434,24,7,18,0,10,"2,154"
Natick,-,10,"1,982",591,31,12,19,0,14,"2,649"
Needham,-,A,"1,309",440,28,11,12,0,16,"1,816"
Needham,-,B,"1,524",449,30,5,20,0,18,"2,046"
Needham,-,C,"1,491",383,17,1,17,0,11,"1,920"
Needham,-,D,"1,542",409,21,8,19,0,14,"2,013"
Needham,-,E,"1,609",432,32,5,21,0,13,"2,112"
Needham,-,F,"1,528",379,13,8,9,0,14,"1,951"
Needham,-,G,"1,521",370,28,10,16,0,19,"1,964"
Needham,-,H,"1,638",465,28,4,20,0,14,"2,169"
Needham,-,I,"1,693",314,19,4,19,0,14,"2,063"
Needham,-,J,"1,718",437,19,6,12,0,17,"2,209"
"New Ashford",-,1,98,48,4,1,0,0,4,155
"New Bedford",1,A,818,658,11,10,6,0,13,"1,516"
"New Bedford",1,B,682,586,16,7,0,0,9,"1,300"
"New Bedford",1,C,639,555,10,4,2,0,4,"1,214"
"New Bedford",1,D,706,662,13,8,1,0,5,"1,395"
"New Bedford",1,E,701,517,13,4,2,0,8,"1,245"
"New Bedford",1,F,433,584,10,1,3,0,6,"1,037"
"New Bedford",2,A,213,118,5,4,4,0,0,344
"New Bedford",2,B,494,303,9,5,2,0,2,815
"New Bedford",2,C,395,270,10,7,3,0,0,685
"New Bedford",2,D,424,353,12,5,3,0,6,803
"New Bedford",2,E,574,473,11,4,3,0,5,"1,070"
"New Bedford",2,F,583,432,15,6,1,0,5,"1,042"
"New Bedford",3,A,400,174,8,6,5,0,5,598
"New Bedford",3,B,457,207,6,3,1,0,5,679
"New Bedford",3,C,401,237,6,2,2,0,10,658
"New Bedford",3,D,510,320,5,6,1,0,9,851
"New Bedford",3,E,768,494,16,5,3,0,5,"1,291"
"New Bedford",3,F,766,424,8,4,1,0,11,"1,214"
"New Bedford",4,A,476,164,6,3,0,0,4,653
"New Bedford",4,B,865,294,7,4,6,0,5,"1,181"
"New Bedford",4,C,814,255,15,9,1,0,9,"1,103"
"New Bedford",4,D,648,248,5,9,5,0,5,920
"New Bedford",4,E,597,313,17,4,3,0,7,941
"New Bedford",4,F,652,259,9,5,3,0,3,931
"New Bedford",5,A,490,255,5,5,2,0,3,760
"New Bedford",5,B,776,301,8,8,5,0,5,"1,103"
"New Bedford",5,C,552,375,3,4,7,0,5,946
"New Bedford",5,D,893,345,17,12,5,0,5,"1,277"
"New Bedford",5,E,943,528,16,9,7,0,8,"1,511"
"New Bedford",5,F,904,510,13,6,3,0,9,"1,445"
"New Bedford",6,A,662,455,10,4,1,0,9,"1,141"
"New Bedford",6,B,586,455,7,5,3,0,3,"1,059"
"New Bedford",6,C,300,144,5,3,0,0,3,455
"New Bedford",6,D,268,181,8,2,1,0,5,465
"New Bedford",6,E,381,238,11,7,3,0,4,644
"New Bedford",6,F,496,277,8,4,0,0,8,793
"New Braintree",-,1,319,337,9,4,2,0,5,676
"New Marlborough",-,1,678,264,13,4,0,0,7,966
"New Salem",-,1,419,237,8,12,5,0,0,681
Newbury,-,1,"1,631",817,44,11,8,0,9,"2,520"
Newbury,-,2,"1,507",937,46,12,12,0,7,"2,521"
Newburyport,1,1,"1,246",329,24,6,0,0,30,"1,635"
Newburyport,2,1,"1,666",395,31,8,0,0,26,"2,126"
Newburyport,3,1,"1,640",487,24,9,0,0,26,"2,186"
Newburyport,4,1,"1,758",560,29,6,0,0,28,"2,381"
Newburyport,5,1,"1,246",630,34,11,0,0,31,"1,952"
Newburyport,6,1,"1,353",661,28,12,0,0,40,"2,094"
Newburyport,1,P,315,191,8,1,0,0,8,523
Newton,1,1,"1,079",390,15,7,10,0,10,"1,511"
Newton,1,2,"1,298",198,13,9,6,0,4,"1,528"
Newton,1,3,"1,408",177,20,7,16,0,6,"1,634"
Newton,1,4,"1,117",435,14,9,17,0,17,"1,609"
Newton,2,1,"1,324",294,18,12,7,0,6,"1,661"
Newton,2,2,925,180,12,7,11,0,8,"1,143"
Newton,2,3,"1,566",232,14,5,12,0,9,"1,838"
Newton,2,4,"1,550",209,18,6,13,0,10,"1,806"
Newton,3,1,"1,399",295,19,4,14,0,12,"1,743"
Newton,3,2,"1,510",193,15,4,8,0,9,"1,739"
Newton,3,3,"1,299",390,14,2,6,0,6,"1,717"
Newton,3,4,"1,268",391,15,10,9,0,12,"1,705"
Newton,4,1,"1,290",283,21,10,7,0,8,"1,619"
Newton,4,2,"1,232",175,11,7,2,0,7,"1,434"
Newton,4,3,882,181,11,5,7,0,7,"1,093"
Newton,4,4,"1,193",334,15,9,9,0,8,"1,568"
Newton,5,1,"1,234",268,18,6,9,0,8,"1,543"
Newton,5,2,"1,386",197,14,9,4,0,8,"1,618"
Newton,5,3,"1,686",224,13,7,11,0,10,"1,951"
Newton,5,4,"1,612",203,20,6,11,0,5,"1,857"
Newton,6,1,"1,194",305,20,4,7,0,14,"1,544"
Newton,6,2,"1,430",179,11,9,3,0,7,"1,639"
Newton,6,3,"1,565",169,9,11,10,0,2,"1,766"
Newton,6,4,"1,661",204,18,10,11,0,8,"1,912"
Newton,7,1,"1,191",234,31,9,10,0,9,"1,484"
Newton,7,2,"1,595",256,18,6,16,0,9,"1,900"
Newton,7,3,439,80,8,1,5,0,2,535
Newton,7,4,685,134,7,3,8,0,5,842
Newton,8,1,"1,388",478,26,5,12,0,17,"1,926"
Newton,8,2,"1,325",412,17,1,19,0,17,"1,791"
Newton,8,3,"1,354",370,17,8,9,0,12,"1,770"
Newton,8,4,822,287,17,6,9,0,4,"1,145"
Norfolk,-,1,874,584,28,2,12,0,15,"1,515"
Norfolk,-,2,"1,751","1,080",43,16,17,0,21,"2,928"
Norfolk,-,3,"1,475",906,35,5,25,0,15,"2,461"
"N. Adams",1,1,932,388,11,6,0,0,12,"1,349"
"N. Adams",2,2,848,288,14,6,0,0,10,"1,166"
"N. Adams",3,3,678,216,10,15,0,0,9,928
"N. Adams",4,4,957,390,16,7,0,0,14,"1,384"
"N. Adams",5,5,801,318,21,10,0,0,9,"1,159"
"N. Andover",-,1,"1,248",759,29,9,9,0,15,"2,069"
"N. Andover",-,2,"1,373",838,39,12,20,0,16,"2,298"
"N. Andover",-,3,"1,331",766,22,10,13,0,9,"2,151"
"N. Andover",-,4,"1,691",915,25,5,14,0,15,"2,665"
"N. Andover",-,5,988,537,16,3,9,0,10,"1,563"
"N. Andover",-,6,"1,459",942,30,7,23,0,20,"2,481"
"N. Andover",-,7,"1,516",817,31,14,25,0,14,"2,417"
"N. Andover",-,8,"1,416",974,52,5,20,0,11,"2,478"
"N. Attleborough",-,1,958,600,16,14,4,0,8,"1,600"
"N. Attleborough",-,2,"1,113",797,34,8,4,0,10,"1,966"
"N. Attleborough",-,3,"1,070",874,38,16,4,0,20,"2,022"
"N. Attleborough",-,4,978,602,21,6,4,0,5,"1,616"
"N. Attleborough",-,5,"1,003",760,21,15,7,0,13,"1,819"
"N. Attleborough",-,6,"1,232",800,46,13,9,0,15,"2,115"
"N. Attleborough",-,7,"1,188",900,24,6,16,0,12,"2,146"
"N. Attleborough",-,8,"1,126",851,33,8,7,0,12,"2,037"
"N. Attleborough",-,9,"1,056",866,29,10,4,0,14,"1,979"
"N. Brookfield",-,1,"1,181","1,459",54,10,11,0,16,"2,731"
"N. Reading",-,1,"1,412","1,124",36,9,17,0,14,"2,612"
"N. Reading",-,2,"1,398",937,34,5,16,0,21,"2,411"
"N. Reading",-,3,"1,371","1,012",35,6,11,0,20,"2,455"
"N. Reading",-,4,"1,404","1,043",35,15,10,0,22,"2,529"
Northampton,1,A,955,102,15,17,4,0,8,"1,101"
Northampton,1,B,"1,339",137,11,21,6,0,8,"1,522"
Northampton,2,A,"1,209",57,8,10,4,0,2,"1,290"
Northampton,2,B,825,47,9,2,3,0,2,888
Northampton,3,A,"1,247",107,10,27,8,0,4,"1,403"
Northampton,3,B,"1,166",109,16,28,7,0,9,"1,335"
Northampton,4,A,908,62,5,18,8,0,6,"1,007"
Northampton,4,B,"1,116",93,7,10,10,0,3,"1,239"
Northampton,5,A,"1,035",142,6,9,6,0,3,"1,201"
Northampton,5,B,"1,125",116,6,12,2,0,4,"1,265"
Northampton,6,A,"1,049",270,12,10,4,0,8,"1,353"
Northampton,6,B,"1,259",230,18,11,6,0,15,"1,539"
Northampton,7,A,"1,241",168,10,16,4,0,10,"1,449"
Northampton,7,B,"1,175",215,13,8,4,0,9,"1,424"
Northborough,-,1,"1,643",728,30,15,22,0,11,"2,449"
Northborough,-,2,"1,577",701,46,18,11,0,11,"2,364"
Northborough,-,3,"1,638",702,41,8,20,0,19,"2,428"
Northborough,-,4,"1,618",782,49,10,28,0,18,"2,505"
Northbridge,-,1,"1,178","1,040",44,14,9,0,10,"2,295"
Northbridge,-,2,"1,209","1,041",54,7,7,0,26,"2,344"
Northbridge,-,3,"1,006",898,39,15,7,0,13,"1,978"
Northbridge,-,4,"1,327","1,265",43,12,13,0,27,"2,687"
Northfield,-,1,"1,211",592,37,8,7,0,14,"1,869"
Norton,-,1,"1,290","1,077",44,13,15,0,16,"2,455"
Norton,-,2,"1,273","1,038",30,16,16,0,9,"2,382"
Norton,-,3,"1,232",933,45,12,8,0,7,"2,237"
Norton,-,4,"1,400","1,070",49,15,15,0,16,"2,565"
Norton,-,5,723,617,25,9,9,0,5,"1,388"
Norwell,-,1,"1,357",966,36,7,20,0,26,"2,412"
Norwell,-,2,"1,479","1,039",31,7,16,0,15,"2,587"
Norwell,-,3,"1,455",915,26,4,28,0,19,"2,447"
Norwood,-,1,"1,446",728,28,9,12,0,10,"2,233"
Norwood,-,2,"1,267",592,31,12,15,0,7,"1,924"
Norwood,-,3,"1,318",627,32,12,9,0,6,"2,004"
Norwood,-,4,"1,349",728,26,9,16,0,14,"2,142"
Norwood,-,5,"1,105",407,27,5,4,0,7,"1,555"
Norwood,-,6,953,525,16,9,7,0,10,"1,520"
Norwood,-,7,"1,268",701,23,11,15,0,16,"2,034"
Norwood,-,8,"1,301",697,24,8,14,0,7,"2,051"
Norwood,-,9,"1,205",819,21,8,14,0,12,"2,079"
"Oak Bluffs",-,1,"2,420",730,32,20,7,0,16,"3,225"
Oakham,-,1,554,664,29,7,3,0,5,"1,262"
Orange,-,1,902,907,28,24,4,0,7,"1,872"
Orange,-,2,"1,082",792,41,11,9,0,9,"1,944"
Orleans,-,1,"3,288","1,458",56,15,25,0,43,"4,885"
Otis,-,1,550,441,14,6,3,0,3,"1,017"
Oxford,-,1,945,955,34,17,11,0,9,"1,971"
Oxford,-,2,876,928,31,9,8,0,4,"1,856"
Oxford,-,3,964,978,38,8,7,0,9,"2,004"
Oxford,-,4,808,904,39,10,4,0,11,"1,776"
Palmer,-,1,768,797,19,7,8,0,2,"1,601"
Palmer,-,1A,109,107,4,0,0,0,0,220
Palmer,-,2,802,923,24,6,8,0,6,"1,769"
Palmer,-,3,750,594,26,14,1,0,6,"1,391"
Palmer,-,4,679,819,29,5,4,0,6,"1,542"
Paxton,-,1,"1,625","1,268",41,12,16,0,13,"2,975"
Peabody,1,1,"1,020",672,17,7,9,0,9,"1,734"
Peabody,1,2,994,834,22,5,7,0,14,"1,876"
Peabody,1,3,"1,108",954,23,2,8,0,11,"2,106"
Peabody,2,1,893,380,9,1,9,0,3,"1,295"
Peabody,2,2,799,408,13,6,4,0,3,"1,233"
Peabody,2,3,859,611,29,10,5,0,6,"1,520"
Peabody,3,1,679,352,18,6,2,0,4,"1,061"
Peabody,3,2,799,521,11,4,4,0,16,"1,355"
Peabody,3,3,881,636,19,8,3,0,10,"1,557"
Peabody,4,1,963,654,24,7,5,0,8,"1,661"
Peabody,4,2,913,643,17,5,5,0,14,"1,597"
Peabody,4,3,516,396,4,3,2,0,6,927
Peabody,4,3A,"1,069",344,3,1,8,0,10,"1,435"
Peabody,5,1,994,867,18,6,6,0,9,"1,900"
Peabody,5,2,733,748,14,5,7,0,8,"1,515"
Peabody,5,3,948,764,21,9,6,0,10,"1,758"
Peabody,6,1,893,"1,002",20,5,9,0,5,"1,934"
Peabody,6,2,908,969,18,3,9,0,9,"1,916"
Peabody,6,3,891,949,13,3,9,0,16,"1,881"
Pelham,-,1,819,89,8,7,2,0,5,930
Pembroke,-,1,"1,329","1,135",38,16,16,0,13,"2,547"
Pembroke,-,2,"1,145","1,021",27,11,11,0,14,"2,229"
Pembroke,-,3,"1,244","1,029",42,20,17,0,16,"2,368"
Pembroke,-,4,"1,238","1,083",36,16,17,0,9,"2,399"
Pembroke,-,5,"1,218",995,24,10,15,0,13,"2,275"
Pepperell,-,1,"1,298","1,099",50,12,13,0,19,"2,491"
Pepperell,-,2,"1,361","1,083",51,15,20,0,13,"2,543"
Pepperell,-,3,"1,210","1,023",45,11,16,0,13,"2,318"
Peru,-,1,299,216,14,2,2,0,2,535
Petersham,-,1,528,321,17,4,2,0,8,880
Phillipston,-,1,465,607,20,2,0,0,9,"1,103"
Pittsfield,1,A,944,312,18,7,1,0,3,"1,285"
Pittsfield,1,B,"1,161",397,15,19,5,0,2,"1,599"
Pittsfield,2,A,706,184,12,10,2,0,6,920
Pittsfield,2,B,"1,269",377,20,7,4,0,6,"1,683"
Pittsfield,3,A,"1,412",376,18,11,11,0,2,"1,830"
Pittsfield,3,B,"1,448",420,32,10,5,0,2,"1,917"
Pittsfield,4,A,"1,411",394,25,13,4,0,9,"1,856"
Pittsfield,4,B,"1,534",557,19,11,8,0,10,"2,139"
Pittsfield,5,A,"1,198",301,22,10,7,0,8,"1,546"
Pittsfield,5,B,"1,207",454,31,12,6,0,8,"1,718"
Pittsfield,6,A,"1,261",333,19,18,5,0,8,"1,644"
Pittsfield,6,B,889,235,12,12,2,0,6,"1,156"
Pittsfield,7,A,750,274,12,14,3,0,2,"1,055"
Pittsfield,7,B,"1,214",403,35,12,2,0,12,"1,678"
Plainfield,-,1,316,116,6,4,1,0,3,446
Plainville,-,1,"1,108",827,41,5,3,0,15,"1,999"
Plainville,-,2,"1,097",803,35,18,0,0,21,"1,974"
Plainville,-,3,991,844,36,15,0,0,18,"1,904"
Plymouth,-,1,"1,162",674,28,12,10,0,9,"1,895"
Plymouth,-,2,"1,530",935,50,15,10,0,11,"2,551"
Plymouth,-,3,"1,278",692,36,7,7,0,11,"2,031"
Plymouth,-,4,"1,308",814,23,4,12,0,10,"2,171"
Plymouth,-,5,"1,323","1,059",41,16,10,0,13,"2,462"
Plymouth,-,6,"1,431",874,40,13,10,0,10,"2,378"
Plymouth,-,7,"1,312","1,008",33,8,13,0,9,"2,383"
Plymouth,-,8,"1,378","1,118",40,17,16,0,9,"2,578"
Plymouth,-,9,"1,061",962,50,6,11,0,9,"2,099"
Plymouth,-,10,888,700,14,5,6,0,8,"1,621"
Plymouth,-,11,"1,329","1,086",29,10,9,0,17,"2,480"
Plymouth,-,12,"1,562","1,185",47,14,21,0,15,"2,844"
Plymouth,-,13,"1,436","1,099",26,9,11,0,11,"2,592"
Plymouth,-,14,"1,236","1,177",44,19,16,0,24,"2,516"
Plymouth,-,15,"3,032","1,769",59,11,30,0,42,"4,943"
Plympton,-,1,962,912,31,12,1,0,16,"1,934"
Princeton,-,1,"1,530",977,45,3,20,0,16,"2,591"
Provincetown,-,1,"2,402",182,10,6,13,0,7,"2,620"
Quincy,1,1,999,466,18,11,6,0,23,"1,523"
Quincy,1,2,807,405,14,8,4,0,13,"1,251"
Quincy,1,3,"1,119",446,14,16,11,0,8,"1,614"
Quincy,1,4,"1,091",799,24,5,11,0,12,"1,942"
Quincy,1,5,"1,114",833,26,8,13,0,25,"2,019"
Quincy,2,1,"1,025",525,18,4,7,0,9,"1,588"
Quincy,2,2,"1,016",365,9,12,10,0,9,"1,421"
Quincy,2,3,484,189,11,3,1,0,6,694
Quincy,2,3A,159,83,1,0,0,0,1,244
Quincy,2,4,880,388,16,8,6,0,14,"1,312"
Quincy,2,5,"1,089",496,26,7,4,0,11,"1,633"
Quincy,3,1,"1,338",532,27,8,11,0,19,"1,935"
Quincy,3,2,"1,056",371,19,7,10,0,13,"1,476"
Quincy,3,3,756,293,7,4,2,0,15,"1,077"
Quincy,3,4,973,564,21,9,10,0,12,"1,589"
Quincy,3,5,558,119,7,1,2,0,6,693
Quincy,4,1,"1,276",515,18,8,7,0,18,"1,842"
Quincy,4,2,"1,138",613,24,4,9,0,9,"1,797"
Quincy,4,3,"1,266",773,20,9,10,0,11,"2,089"
Quincy,4,4,926,329,21,9,7,0,9,"1,301"
Quincy,4,5,"1,011",464,20,9,7,0,15,"1,526"
Quincy,5,1,"1,245",394,30,10,9,0,16,"1,704"
Quincy,5,2,995,358,15,11,4,0,17,"1,400"
Quincy,5,3,"1,168",462,22,8,8,0,8,"1,676"
Quincy,5,4,855,426,7,7,7,0,7,"1,309"
Quincy,5,5,"1,009",481,24,9,10,0,10,"1,543"
Quincy,6,1,922,430,19,7,10,0,14,"1,402"
Quincy,6,2,741,317,4,7,5,0,8,"1,082"
Quincy,6,3,"1,327",674,25,7,11,0,25,"2,069"
Quincy,6,4,896,360,12,6,10,0,12,"1,296"
Quincy,6,5,"1,207",870,19,13,12,0,21,"2,142"
Randolph,-,1,"1,137",261,7,9,8,0,5,"1,427"
Randolph,-,2,"1,026",198,6,11,3,0,14,"1,258"
Randolph,-,3,"1,193",249,4,8,4,0,10,"1,468"
Randolph,-,4,"1,214",281,8,1,7,0,10,"1,521"
Randolph,-,5,"1,064",352,11,4,5,0,13,"1,449"
Randolph,-,6,972,260,6,6,6,0,12,"1,262"
Randolph,-,7,"1,134",285,9,6,6,0,12,"1,452"
Randolph,-,8,"1,178",230,12,6,8,0,9,"1,443"
Randolph,-,9,"1,177",229,9,9,6,0,5,"1,435"
Randolph,-,10,"1,149",328,13,5,1,0,6,"1,502"
Randolph,-,11,"1,178",427,13,8,4,0,4,"1,634"
Randolph,-,12,"1,254",423,15,2,10,0,10,"1,714"
Raynham,-,1,"1,112",913,31,12,10,0,8,"2,086"
Raynham,-,1A,106,128,2,2,0,0,3,241
Raynham,-,2,837,854,25,6,8,0,12,"1,742"
Raynham,-,2A,152,194,12,1,0,0,2,361
Raynham,-,3,"1,145","1,213",26,10,9,0,8,"2,411"
Raynham,-,4,"1,020",941,34,8,0,0,15,"2,018"
Reading,-,1,"1,466",783,28,10,14,0,18,"2,319"
Reading,-,2,"1,317",635,18,29,1,0,52,"2,052"
Reading,-,3,"1,604",869,29,6,18,0,19,"2,545"
Reading,-,4,"1,432",626,29,5,7,0,15,"2,114"
Reading,-,5,"1,450",604,29,4,8,0,21,"2,116"
Reading,-,6,"1,120",557,25,5,11,0,11,"1,729"
Reading,-,7,"1,424",655,27,7,11,0,24,"2,148"
Reading,-,8,"1,321",715,31,9,13,0,17,"2,106"
Rehoboth,-,1,"1,134","1,345",41,13,12,0,7,"2,552"
Rehoboth,-,2,"1,214","1,304",29,7,12,0,7,"2,573"
Rehoboth,-,3,"1,302","1,427",48,18,11,0,13,"2,819"
Revere,1,1,856,367,7,8,6,0,9,"1,253"
Revere,1,2,716,327,7,9,4,0,9,"1,072"
Revere,1,3,733,310,4,7,4,0,6,"1,064"
Revere,2,1,697,191,7,9,0,0,0,904
Revere,2,2,921,263,18,6,3,0,3,"1,214"
Revere,2,3,301,84,4,2,0,0,1,392
Revere,2,3A,107,50,2,1,0,0,1,161
Revere,3,1,757,451,5,2,2,0,12,"1,229"
Revere,3,2,709,350,9,6,10,0,2,"1,086"
Revere,3,3,731,397,5,4,2,0,5,"1,144"
Revere,4,1,744,467,5,5,4,0,6,"1,231"
Revere,4,2,642,378,8,2,5,0,2,"1,037"
Revere,4,3,769,488,8,1,7,0,1,"1,274"
Revere,5,1,576,380,4,5,4,0,9,978
Revere,5,1A,463,244,5,3,0,0,7,722
Revere,5,2,345,227,5,5,3,0,6,591
Revere,5,2A,416,130,9,2,2,0,2,561
Revere,5,3,699,380,6,5,6,0,4,"1,100"
Revere,6,1,725,691,11,4,4,0,8,"1,443"
Revere,6,2,778,729,7,9,3,0,8,"1,534"
Revere,6,3,675,299,19,5,3,0,4,"1,005"
Richmond,-,1,828,215,8,4,2,0,7,"1,064"
Rochester,-,1,"1,762","1,991",51,15,14,0,25,"3,858"
Rockland,-,1,"1,021",779,22,9,14,0,11,"1,856"
Rockland,-,2,"1,027",787,24,10,9,0,8,"1,865"
Rockland,-,3,756,540,27,8,14,0,7,"1,352"
Rockland,-,4,841,640,24,14,4,0,8,"1,531"
Rockland,-,5,805,786,25,11,14,0,4,"1,645"
Rockland,-,6,950,787,31,8,7,0,10,"1,793"
Rockport,-,1,946,325,19,3,3,0,8,"1,304"
Rockport,-,2,"1,342",455,19,8,8,0,10,"1,842"
Rockport,-,3,"1,573",526,27,12,9,0,16,"2,163"
Rowe,-,1,152,113,2,0,0,0,2,269
Rowley,-,1,"2,180","1,942",58,21,26,0,10,"4,237"
Royalston,-,1,256,206,6,3,0,0,0,471
Royalston,-,2,152,151,12,0,1,0,0,316
Russell,-,1,366,512,28,6,7,0,10,929
Rutland,-,1,942,960,41,12,13,0,12,"1,980"
Rutland,-,2,984,949,47,6,16,0,5,"2,007"
Rutland,-,3,892,758,33,11,11,0,10,"1,715"
Salem,1,1,"1,514",418,25,20,12,0,13,"2,002"
Salem,1,2,751,125,5,3,1,0,9,894
Salem,2,1,"1,617",325,25,19,5,0,9,"2,000"
Salem,2,2,"1,784",287,33,15,15,0,6,"2,140"
Salem,3,1,"1,152",362,20,9,11,0,16,"1,570"
Salem,3,2,"1,084",488,10,6,13,0,7,"1,608"
Salem,4,1,"1,232",506,23,11,9,0,6,"1,787"
Salem,4,2,"1,174",651,19,11,5,0,10,"1,870"
Salem,5,1,"1,436",382,22,13,7,0,5,"1,865"
Salem,5,2,"1,259",294,18,12,13,0,5,"1,601"
Salem,6,1,"1,405",426,33,10,11,0,9,"1,894"
Salem,6,2,"1,350",383,22,15,4,0,12,"1,786"
Salem,7,1,"1,026",309,15,8,5,0,9,"1,372"
Salem,7,2,"1,239",477,16,5,8,0,5,"1,750"
Salisbury,-,1,"1,125",841,25,3,5,0,17,"2,016"
Salisbury,-,2,961,892,23,7,5,0,9,"1,897"
Salisbury,-,3,759,864,36,8,2,0,14,"1,683"
Sandisfield,-,1,306,200,5,2,2,0,8,523
Sandwich,-,1,"1,531","1,013",41,13,9,0,28,"2,635"
Sandwich,-,2,"1,443",980,23,8,2,0,21,"2,477"
Sandwich,-,3,"1,231",966,30,14,5,0,14,"2,260"
Sandwich,-,4,"1,279","1,048",35,11,6,0,15,"2,394"
Sandwich,-,5,"1,166",982,33,7,5,0,17,"2,210"
Sandwich,-,6,"1,089","1,055",27,4,5,0,24,"2,204"
Saugus,-,1,804,673,15,5,3,0,12,"1,512"
Saugus,-,2,796,642,14,7,11,0,8,"1,478"
Saugus,-,3,799,680,15,7,5,0,7,"1,513"
Saugus,-,4,685,655,11,2,2,0,15,"1,370"
Saugus,-,5,857,956,16,6,8,0,14,"1,857"
Saugus,-,6,824,688,26,8,11,0,7,"1,564"
Saugus,-,7,819,955,15,2,3,0,14,"1,808"
Saugus,-,8,787,715,7,4,2,0,17,"1,532"
Saugus,-,9,870,923,16,6,4,0,4,"1,823"
Saugus,-,10,760,656,15,3,4,0,7,"1,445"
Savoy,-,1,226,161,7,4,1,0,28,427
Scituate,-,1,"1,427",852,31,12,17,0,27,"2,366"
Scituate,-,2,"1,407",775,34,7,12,0,20,"2,255"
Scituate,-,3,"1,523",697,34,5,11,0,21,"2,291"
Scituate,-,4,"1,409",825,34,7,9,0,22,"2,306"
Scituate,-,5,"1,441",687,26,11,7,0,22,"2,194"
Scituate,-,6,"1,401",778,26,12,13,0,23,"2,253"
Seekonk,-,1,"1,076",986,27,10,8,0,10,"2,117"
Seekonk,-,2,"1,340",984,28,13,13,0,13,"2,391"
Seekonk,-,3,"1,204","1,014",31,4,10,0,11,"2,274"
Seekonk,-,4,"1,166",986,35,7,13,0,14,"2,221"
Sharon,-,1,"1,812",560,43,11,12,0,15,"2,453"
Sharon,-,2,"1,667",529,23,6,15,0,11,"2,251"
Sharon,-,3,"1,829",502,25,12,10,0,14,"2,392"
Sharon,-,4,"1,873",463,36,9,8,0,18,"2,407"
Sharon,-,5,"1,597",549,12,11,3,0,20,"2,192"
Sheffield,-,1,"1,542",578,21,15,6,0,12,"2,174"
Shelburne,-,1,927,209,24,8,6,0,68,"1,242"
Sherborn,-,1,"2,267",579,72,15,30,0,28,"2,991"
Shirley,-,1,"2,100","1,493",67,22,18,0,17,"3,717"
Shrewsbury,-,1,"1,528",902,25,7,11,0,16,"2,489"
Shrewsbury,-,2,"1,348",732,34,12,8,0,16,"2,150"
Shrewsbury,-,3,"1,021",640,16,14,9,0,21,"1,721"
Shrewsbury,-,4,"1,315",783,27,12,3,0,21,"2,161"
Shrewsbury,-,5,"1,243",505,25,17,4,0,18,"1,812"
Shrewsbury,-,6,"1,413",711,38,9,5,0,17,"2,193"
Shrewsbury,-,7,"1,660",873,36,20,17,0,25,"2,631"
Shrewsbury,-,8,"1,617",797,27,8,18,0,22,"2,489"
Shrewsbury,-,9,"1,044",449,17,3,10,0,14,"1,537"
Shrewsbury,-,10,"1,401",666,35,5,11,0,19,"2,137"
Shutesbury,-,1,"1,154",144,13,13,6,0,9,"1,339"
Somerset,-,1,"1,225","1,083",31,5,7,0,15,"2,366"
Somerset,-,2,"1,228","1,045",21,9,3,0,23,"2,329"
Somerset,-,3,"1,264","1,028",29,14,1,0,18,"2,354"
Somerset,-,4,"1,085",937,21,10,2,0,11,"2,066"
Somerset,-,5,"1,013","1,020",33,7,1,0,23,"2,097"
Somerville,1,1,"1,093",237,17,12,5,0,11,"1,375"
Somerville,1,2,"1,854",358,18,13,8,0,13,"2,264"
Somerville,1,3,"1,203",223,6,10,5,0,7,"1,454"
Somerville,2,1,"1,766",140,18,18,13,0,5,"1,960"
Somerville,2,2,"2,072",163,17,19,16,0,9,"2,296"
Somerville,2,3,"2,042",193,17,18,10,0,2,"2,282"
Somerville,3,1,"1,755",183,17,18,12,0,8,"1,993"
Somerville,3,2,"1,785",195,21,16,12,0,8,"2,037"
Somerville,3,3,"2,099",184,19,22,15,0,11,"2,350"
Somerville,4,1,"1,124",265,6,11,6,0,6,"1,418"
Somerville,4,2,"1,435",214,13,15,9,0,12,"1,698"
Somerville,4,3,"1,698",246,13,9,12,0,5,"1,983"
Somerville,5,1,"1,876",275,14,22,15,0,9,"2,211"
Somerville,5,2,"2,213",192,19,19,12,0,7,"2,462"
Somerville,5,3,"2,086",191,22,21,10,0,8,"2,338"
Somerville,6,1,"2,350",156,21,15,13,0,10,"2,565"
Somerville,6,2,"2,136",140,21,22,6,0,11,"2,336"
Somerville,6,3,"1,094",107,5,8,6,0,3,"1,223"
Somerville,7,1,"2,042",172,19,17,14,0,8,"2,272"
Somerville,7,2,"1,691",176,17,13,2,0,15,"1,914"
Somerville,7,3,"1,613",273,26,14,11,0,11,"1,948"
"S. Hadley",-,A,"1,364",657,34,17,6,0,7,"2,085"
"S. Hadley",-,B,"1,470",678,31,14,6,0,16,"2,215"
"S. Hadley",-,C,"1,359",816,29,14,9,0,6,"2,233"
"S. Hadley",-,D,951,317,20,8,6,0,5,"1,307"
"S. Hadley",-,E,"1,446",762,30,6,9,0,9,"2,262"
Southampton,-,1,"2,231","1,811",76,20,56,0,27,"4,221"
Southborough,-,1,"1,617",600,38,6,9,0,24,"2,294"
Southborough,-,2,"1,454",614,44,10,22,0,11,"2,155"
Southborough,-,3,"1,547",637,31,11,25,0,17,"2,268"
Southbridge,-,1,849,559,22,6,8,0,8,"1,452"
Southbridge,-,2,714,527,14,8,5,0,12,"1,280"
Southbridge,-,3,755,683,15,18,5,0,7,"1,483"
Southbridge,-,4,"1,024",815,21,13,6,0,12,"1,891"
Southbridge,-,5,737,438,7,6,6,0,9,"1,203"
Southwick,-,1,811,"1,265",35,13,5,0,17,"2,146"
Southwick,-,2,713,939,41,9,11,0,8,"1,721"
Southwick,-,3,836,"1,017",23,8,6,0,11,"1,901"
Spencer,-,1,697,812,23,4,0,0,12,"1,548"
Spencer,-,2,735,752,24,11,0,0,15,"1,537"
Spencer,-,3,679,913,27,11,0,0,15,"1,645"
Spencer,-,4,878,810,26,10,0,0,13,"1,737"
Springfield,1,A,371,148,3,0,1,0,17,540
Springfield,1,B,542,145,6,3,2,0,32,730
Springfield,1,C,368,115,7,3,2,0,23,518
Springfield,1,D,483,115,6,1,2,0,12,619
Springfield,1,E,533,172,8,2,1,0,9,725
Springfield,1,F,463,115,3,3,1,0,44,629
Springfield,1,G,542,120,7,7,3,0,14,693
Springfield,1,H,557,115,6,4,1,0,17,700
Springfield,2,A,526,150,3,1,2,0,25,707
Springfield,2,B,718,269,9,0,3,0,56,"1,055"
Springfield,2,C,518,190,10,2,5,0,39,764
Springfield,2,D,712,271,14,7,4,0,16,"1,024"
Springfield,2,E,642,303,13,3,3,0,52,"1,016"
Springfield,2,F,796,279,3,11,2,0,25,"1,116"
Springfield,2,G,792,368,11,9,11,0,22,"1,213"
Springfield,2,H,691,283,6,5,5,0,49,"1,039"
Springfield,3,A,433,93,3,3,1,0,22,555
Springfield,3,B,401,94,7,3,2,0,18,525
Springfield,3,C,325,89,5,2,1,0,9,431
Springfield,3,D,460,106,4,4,5,0,33,612
Springfield,3,E,366,101,3,2,5,0,17,494
Springfield,3,F,405,124,7,3,1,0,36,576
Springfield,3,G,356,101,7,4,1,0,16,485
Springfield,3,H,476,154,0,5,3,0,34,672
Springfield,4,A,718,88,6,3,4,0,15,834
Springfield,4,B,673,115,2,3,3,0,10,806
Springfield,4,C,504,75,3,5,2,0,14,603
Springfield,4,D,582,69,5,8,0,0,10,674
Springfield,4,E,525,60,1,4,3,0,31,624
Springfield,4,F,196,25,2,1,0,0,5,229
Springfield,4,G,646,99,7,2,1,0,23,778
Springfield,4,H,616,55,5,0,1,0,23,700
Springfield,5,A,640,98,8,2,2,0,15,765
Springfield,5,B,804,210,5,3,4,0,20,"1,046"
Springfield,5,C,615,233,7,6,6,0,40,907
Springfield,5,D,794,446,15,6,4,0,30,"1,295"
Springfield,5,E,972,225,8,1,10,0,32,"1,248"
Springfield,5,F,845,256,12,6,5,0,29,"1,153"
Springfield,5,G,864,504,13,5,9,0,19,"1,414"
Springfield,5,H,600,317,7,6,4,0,24,958
Springfield,6,A,550,145,5,5,4,0,10,719
Springfield,6,B,792,263,11,3,9,0,26,"1,104"
Springfield,6,C,638,249,51,8,6,0,19,971
Springfield,6,D,783,459,11,9,5,0,31,"1,298"
Springfield,6,E,511,178,5,3,2,0,36,735
Springfield,6,F,601,169,7,5,3,0,17,802
Springfield,6,G,669,236,7,4,2,0,22,940
Springfield,6,H,711,338,8,6,6,0,10,"1,079"
Springfield,7,A,772,367,11,2,3,0,25,"1,180"
Springfield,7,B,876,459,16,6,14,0,58,"1,429"
Springfield,7,C,866,435,10,4,5,0,50,"1,370"
Springfield,7,D,740,455,19,9,5,0,13,"1,241"
Springfield,7,E,618,207,10,4,2,0,21,862
Springfield,7,F,831,432,17,7,5,0,44,"1,336"
Springfield,7,G,820,551,13,11,11,0,41,"1,447"
Springfield,7,H,396,176,12,4,5,0,20,613
Springfield,8,A,669,332,10,5,0,0,26,"1,042"
Springfield,8,B,741,256,9,9,4,0,28,"1,047"
Springfield,8,C,711,193,11,3,0,0,39,957
Springfield,8,D,412,151,10,5,0,0,16,594
Springfield,8,E,490,192,6,6,4,0,12,710
Springfield,8,F,691,310,8,6,2,0,22,"1,039"
Springfield,8,G,692,300,16,0,7,0,19,"1,034"
Springfield,8,H,711,209,6,6,2,0,26,960
Sterling,-,1,"1,378","1,174",53,8,15,0,17,"2,645"
Sterling,-,2,"1,463","1,270",47,22,21,0,22,"2,845"
Stockbridge,-,1,"1,099",237,12,11,4,0,7,"1,370"
Stoneham,-,1,"1,225",687,19,5,5,0,10,"1,951"
Stoneham,-,2,"1,418",783,25,4,11,0,23,"2,264"
Stoneham,-,3,"1,328",876,19,19,8,0,20,"2,270"
Stoneham,-,4,"1,077",726,21,8,5,0,10,"1,847"
Stoneham,-,5,"1,157",863,18,6,10,0,20,"2,074"
Stoneham,-,6,"1,295",726,25,10,16,0,12,"2,084"
Stoneham,-,7,"1,176",711,24,7,9,0,19,"1,946"
Stoughton,-,1,"1,444",662,15,5,2,0,21,"2,149"
Stoughton,-,2,"1,263",601,17,9,1,0,16,"1,907"
Stoughton,-,3,"1,326",640,25,8,7,0,17,"2,023"
Stoughton,-,4,"1,386",843,33,9,3,0,20,"2,294"
Stoughton,-,5,"1,082",594,25,9,8,0,10,"1,728"
Stoughton,-,6,"1,554",765,30,18,4,0,19,"2,390"
Stoughton,-,7,"1,174",517,24,6,5,0,17,"1,743"
Stoughton,-,8,"1,025",459,20,5,0,0,20,"1,529"
Stow,-,1,"1,794",659,63,12,14,0,15,"2,557"
Stow,-,2,"1,757",599,46,11,9,0,18,"2,440"
Sturbridge,-,1,"1,173",803,44,10,1,0,0,"2,031"
Sturbridge,-,2,"1,212",887,40,12,2,0,0,"2,153"
Sturbridge,-,3,"1,032",825,45,7,0,0,0,"1,909"
Sudbury,-,1,"1,405",373,23,7,14,0,18,"1,840"
Sudbury,-,1A,507,134,17,3,3,0,8,672
Sudbury,-,2,"1,726",498,33,11,18,0,23,"2,309"
Sudbury,-,3,"2,034",659,35,13,14,0,27,"2,782"
Sudbury,-,4,"1,958",515,47,5,13,0,33,"2,571"
Sudbury,-,5,"1,715",512,32,6,24,0,24,"2,313"
Sunderland,-,1,"1,605",394,21,25,5,0,11,"2,061"
Sutton,-,1,"1,115","1,117",36,9,8,0,5,"2,290"
Sutton,-,2,891,"1,041",34,6,12,0,9,"1,993"
Sutton,-,3,"1,085",923,26,6,9,0,20,"2,069"
Swampscott,-,1,982,523,12,9,6,0,13,"1,545"
Swampscott,-,2,"1,255",431,19,5,8,0,19,"1,737"
Swampscott,-,3,977,375,15,8,6,0,16,"1,397"
Swampscott,-,4,"1,292",375,16,5,10,0,18,"1,716"
Swampscott,-,5,"1,075",442,13,4,5,0,14,"1,553"
Swampscott,-,6,"1,264",409,17,2,12,0,18,"1,722"
Swansea,-,1,918,"1,181",20,6,3,0,8,"2,136"
Swansea,-,2,"1,012",892,30,7,6,0,8,"1,955"
Swansea,-,3,965,896,27,8,6,0,4,"1,906"
Swansea,-,4,949,"1,054",21,5,2,0,10,"2,041"
Swansea,-,5,892,"1,100",21,10,3,0,6,"2,032"
Taunton,1,A,874,521,27,9,3,0,8,"1,442"
Taunton,1,B,999,893,29,11,9,0,14,"1,955"
Taunton,2,A,765,328,12,10,0,0,7,"1,122"
Taunton,2,B,823,450,13,8,3,0,10,"1,307"
Taunton,3,A,919,596,19,5,6,0,8,"1,553"
Taunton,3,B,"1,080",839,34,12,7,0,8,"1,980"
Taunton,4,A,966,917,28,7,8,0,15,"1,941"
Taunton,4,B,921,713,33,8,6,0,7,"1,688"
Taunton,5,A,877,520,21,8,5,0,7,"1,438"
Taunton,5,B,835,502,13,3,7,0,7,"1,367"
Taunton,6,A,695,488,13,7,4,0,6,"1,213"
Taunton,6,B,974,696,21,17,7,0,17,"1,732"
Taunton,7,A,"1,013",808,32,12,6,0,16,"1,887"
Taunton,7,B,"1,043","1,048",38,12,8,0,20,"2,169"
Taunton,8,A,"1,073",880,26,12,8,0,13,"2,012"
Taunton,8,B,"1,139",949,20,13,9,0,16,"2,146"
Templeton,-,A,765,888,30,10,10,0,3,"1,706"
Templeton,-,B,661,740,30,12,6,0,11,"1,460"
Templeton,-,C,635,661,35,9,3,0,4,"1,347"
Tewksbury,-,1,"1,144",960,30,7,12,0,15,"2,168"
Tewksbury,-,1A,"1,223","1,145",39,16,9,0,11,"2,443"
Tewksbury,-,2,"1,134","1,013",39,12,10,0,14,"2,222"
Tewksbury,-,2A,"1,022","1,047",25,6,8,0,7,"2,115"
Tewksbury,-,3,"1,395","1,166",26,9,10,0,14,"2,620"
Tewksbury,-,3A,"1,458","1,225",25,6,14,0,16,"2,744"
Tewksbury,-,4,"1,311","1,149",28,9,5,0,19,"2,521"
Tewksbury,-,4A,"1,267","1,078",38,13,4,0,10,"2,410"
Tisbury,-,1,"2,225",542,35,25,8,0,23,"2,858"
Tolland,-,1,136,186,5,0,1,0,0,328
Topsfield,-,1,"2,460","1,602",72,10,0,0,343,"4,487"
Townsend,-,1,854,894,32,12,12,0,9,"1,813"
Townsend,-,2,890,851,35,8,16,0,1,"1,801"
Townsend,-,3,943,875,41,6,7,0,9,"1,881"
Truro,-,1,"1,386",340,19,8,9,0,6,"1,768"
Tyngsborough,-,1,909,810,23,11,0,0,13,"1,766"
Tyngsborough,-,2,960,881,24,6,0,0,12,"1,883"
Tyngsborough,-,3,"1,080",837,31,7,0,0,20,"1,975"
Tyngsborough,-,4,"1,085",847,28,6,0,0,14,"1,980"
Tyringham,-,1,234,72,3,2,3,0,3,317
Upton,-,1,"1,666","1,001",45,10,19,0,10,"2,751"
Upton,-,2,"1,507",987,37,13,15,0,18,"2,577"
Uxbridge,-,1,"1,010","1,078",41,18,13,0,12,"2,172"
Uxbridge,-,2,"1,143",912,34,25,11,0,8,"2,133"
Uxbridge,-,3,"1,044","1,055",44,18,10,0,11,"2,182"
Uxbridge,-,4,"1,154","1,048",47,9,13,0,14,"2,285"
Wakefield,-,1,"1,450","1,069",21,13,15,0,10,"2,578"
Wakefield,-,2,"1,334",814,29,5,6,0,15,"2,203"
Wakefield,-,3,"1,441",876,26,12,20,0,4,"2,379"
Wakefield,-,4,"1,380",778,25,12,22,0,17,"2,234"
Wakefield,-,5,"1,571",825,21,13,19,0,9,"2,458"
Wakefield,-,6,"1,609",827,46,10,17,0,12,"2,521"
Wakefield,-,7,"1,430",843,25,8,11,0,19,"2,336"
Wales,-,1,429,619,26,8,5,0,5,"1,092"
Walpole,-,1,"1,219",690,20,9,11,0,12,"1,961"
Walpole,-,2,"1,231",909,42,15,17,0,18,"2,232"
Walpole,-,3,"1,249",824,25,9,17,0,17,"2,141"
Walpole,-,4,"1,228",653,35,7,11,0,15,"1,949"
Walpole,-,5,983,707,32,7,13,0,16,"1,758"
Walpole,-,6,"1,236",794,34,7,10,0,19,"2,100"
Walpole,-,7,"1,173",838,46,10,11,0,16,"2,094"
Walpole,-,8,"1,155",828,35,7,19,0,16,"2,060"
Waltham,1,1,"1,409",620,21,10,15,0,8,"2,083"
Waltham,1,2,"1,421",739,18,9,9,0,14,"2,210"
Waltham,2,1,"1,386",640,35,11,6,0,10,"2,088"
Waltham,2,2,"1,174",342,22,14,9,0,13,"1,574"
Waltham,3,1,"1,266",863,22,9,12,0,15,"2,187"
Waltham,3,2,"1,327",651,16,11,12,0,13,"2,030"
Waltham,4,1,"1,363",688,25,9,10,0,17,"2,112"
Waltham,4,2,318,159,6,5,2,0,1,491
Waltham,5,1,"1,266",499,15,14,13,0,13,"1,820"
Waltham,5,2,"1,282",328,13,16,8,0,12,"1,659"
Waltham,6,1,"1,219",337,26,11,11,0,12,"1,616"
Waltham,6,2,754,230,10,6,4,0,5,"1,009"
Waltham,7,1,"1,258",506,19,7,4,0,18,"1,812"
Waltham,7,2,493,108,6,7,9,0,1,624
Waltham,8,1,"1,228",279,22,17,9,0,10,"1,565"
Waltham,8,2,"1,238",342,30,12,6,0,8,"1,636"
Waltham,9,1,"1,094",215,20,6,5,0,4,"1,344"
Waltham,9,2,928,241,19,12,10,0,5,"1,215"
Ware,-,A,729,554,28,13,4,0,5,"1,333"
Ware,-,B,697,845,33,15,9,0,8,"1,607"
Ware,-,C,927,"1,045",31,17,4,0,16,"2,040"
Wareham,-,1,"1,026",831,33,8,9,0,11,"1,918"
Wareham,-,2,"1,297",911,34,7,5,0,11,"2,265"
Wareham,-,3,"1,279",936,26,12,11,0,12,"2,276"
Wareham,-,4,"1,126",936,30,16,9,0,14,"2,131"
Wareham,-,5,"1,126",974,40,18,11,0,8,"2,177"
Wareham,-,6,"1,029",930,39,12,5,0,5,"2,020"
Warren,-,A,844,"1,021",40,13,5,0,19,"1,942"
Warren,-,B,305,354,12,2,3,0,10,686
Warwick,-,1,343,160,12,7,1,0,3,526
Washington,-,1,240,107,5,1,0,0,0,353
Watertown,-,1,969,296,11,10,16,0,8,"1,310"
Watertown,-,2,"1,155",270,14,8,9,0,2,"1,458"
Watertown,-,3,"1,311",260,9,12,12,0,7,"1,611"
Watertown,-,4,"1,456",245,16,9,12,0,7,"1,745"
Watertown,-,5,"1,483",298,19,12,7,0,10,"1,829"
Watertown,-,6,"1,212",248,23,11,5,0,7,"1,506"
Watertown,-,7,"1,363",361,14,9,10,0,13,"1,770"
Watertown,-,8,"1,346",308,14,16,12,0,9,"1,705"
Watertown,-,9,"1,020",278,13,12,9,0,2,"1,334"
Watertown,-,10,"1,561",508,30,14,8,0,8,"2,129"
Watertown,-,11,"1,039",394,26,10,8,0,11,"1,488"
Watertown,-,12,"1,055",335,18,8,10,0,7,"1,433"
Wayland,-,1,"1,865",410,33,21,15,0,20,"2,364"
Wayland,-,2,"1,777",432,40,16,8,0,23,"2,296"
Wayland,-,3,"1,678",390,35,13,9,0,17,"2,142"
Wayland,-,4,"2,024",473,35,10,18,0,28,"2,588"
Webster,-,1,766,703,21,16,5,0,7,"1,518"
Webster,-,2,610,463,22,9,5,0,5,"1,114"
Webster,-,3,719,756,16,6,7,0,9,"1,513"
Webster,-,4,"1,060","1,224",34,11,11,0,15,"2,355"
Webster,-,5,891,893,30,9,11,0,12,"1,846"
Wellesley,-,A,"1,760",421,28,5,25,0,19,"2,258"
Wellesley,-,B,"1,935",492,25,10,21,0,16,"2,499"
Wellesley,-,C,"1,605",624,33,3,41,0,24,"2,330"
Wellesley,-,D,"1,956",431,27,5,19,0,30,"2,468"
Wellesley,-,E,"1,671",404,17,8,22,0,16,"2,138"
Wellesley,-,F,"1,072",276,23,4,17,0,17,"1,409"
Wellesley,-,G,930,167,15,3,7,0,10,"1,132"
Wellesley,-,H,"1,701",480,30,9,20,0,20,"2,260"
Wellfleet,-,1,"1,971",496,24,17,8,0,16,"2,532"
Wendell,-,1,487,105,13,9,0,0,2,616
Wenham,-,1,"1,761",765,56,9,17,0,39,"2,647"
"W. Boylston",-,1,"1,173",769,25,8,24,0,23,"2,022"
"W. Boylston",-,2,"1,615","1,103",58,21,6,0,21,"2,824"
"W. Bridgewater",-,1,"1,156","1,160",43,16,15,0,19,"2,409"
"W. Bridgewater",-,2,"1,068","1,112",34,11,10,0,21,"2,256"
"W. Brookfield",-,1,"1,137","1,127",38,12,13,0,6,"2,333"
"W. Newbury",-,1,"2,111","1,061",72,5,21,0,28,"3,298"
"W. Springfield",-,1,519,386,12,2,2,0,5,926
"W. Springfield",-,2,705,474,14,7,1,0,9,"1,210"
"W. Springfield",-,3,850,636,25,9,7,0,12,"1,539"
"W. Springfield",-,4,966,718,26,14,8,0,3,"1,735"
"W. Springfield",-,5,"1,162","1,076",35,6,4,0,20,"2,303"
"W. Springfield",-,6,"1,033","1,024",18,8,3,0,21,"2,107"
"W. Springfield",-,7,"1,053","1,130",34,12,8,0,11,"2,248"
"W. Springfield",-,8,869,623,19,8,7,0,7,"1,533"
"W. Stockbridge",-,1,784,164,15,4,4,0,4,975
"W. Tisbury",-,1,"1,921",338,17,17,2,0,8,"2,303"
Westborough,-,1,"1,142",388,22,7,5,0,10,"1,574"
Westborough,-,2,"1,211",419,34,5,8,0,11,"1,688"
Westborough,-,3,"1,472",549,26,19,17,0,12,"2,095"
Westborough,-,4,"1,946",726,40,13,15,0,15,"2,755"
Westborough,-,5,"1,798",694,38,11,31,0,14,"2,586"
Westfield,1,A,"1,030","1,055",31,14,3,0,2,"2,135"
Westfield,1,B,868,968,51,10,7,0,9,"1,913"
Westfield,2,A,655,445,15,6,4,0,2,"1,127"
Westfield,2,B,808,660,36,13,7,0,6,"1,530"
Westfield,3,A,587,448,34,12,11,0,10,"1,102"
Westfield,3,B,934,722,44,12,8,0,10,"1,730"
Westfield,4,A,322,338,13,5,2,0,7,687
Westfield,4,B,"1,129","1,119",37,9,9,0,9,"2,312"
Westfield,5,A,"1,122","1,128",55,20,9,0,5,"2,339"
Westfield,5,B,"1,019","1,163",41,12,10,0,3,"2,248"
Westfield,6,A,911,"1,022",43,11,8,0,20,"2,015"
Westfield,6,B,815,790,18,2,5,0,16,"1,646"
Westford,-,1,"1,769",792,36,13,13,0,24,"2,647"
Westford,-,2,"1,773",815,47,11,18,0,11,"2,675"
Westford,-,3,"1,619",811,44,11,18,0,16,"2,519"
Westford,-,4,"1,891",706,43,10,15,0,14,"2,679"
Westford,-,5,"1,652",758,41,8,11,0,8,"2,478"
Westford,-,6,"1,525",774,47,12,15,0,12,"2,385"
Westhampton,-,1,746,426,11,11,1,0,4,"1,199"
Westminster,-,1,"1,363","1,248",51,18,5,0,16,"2,701"
Westminster,-,2,"1,302","1,229",57,10,11,0,23,"2,632"
Weston,-,1,"1,409",412,42,3,17,0,18,"1,901"
Weston,-,2,"1,218",430,38,5,13,0,13,"1,717"
Weston,-,3,"1,211",401,38,7,24,0,13,"1,694"
Weston,-,4,"1,291",469,34,4,19,0,11,"1,828"
Westport,-,A,969,"1,006",29,13,5,0,8,"2,030"
Westport,-,B,"1,295","1,029",31,10,8,0,20,"2,393"
Westport,-,C,847,"1,015",18,22,6,0,9,"1,917"
Westport,-,D,916,865,14,7,2,0,23,"1,827"
Westport,-,E,"1,292","1,103",30,10,4,0,20,"2,459"
Westwood,-,1,"1,734",798,40,12,28,0,32,"2,644"
Westwood,-,2,"1,802",846,43,12,21,0,22,"2,746"
Westwood,-,3,"1,750",780,32,7,17,0,18,"2,604"
Westwood,-,4,"1,546","1,020",34,9,14,0,22,"2,645"
Weymouth,-,1,"1,057",657,16,8,8,0,9,"1,755"
Weymouth,-,2,"1,109",794,29,13,15,0,12,"1,972"
Weymouth,-,3,"1,046",834,30,6,16,0,20,"1,952"
Weymouth,-,4,"1,011",686,22,7,9,0,21,"1,756"
Weymouth,-,5,925,486,18,8,13,0,6,"1,456"
Weymouth,-,6,"1,150",727,22,5,6,0,13,"1,923"
Weymouth,-,7,"1,035",636,33,6,12,0,14,"1,736"
Weymouth,-,8,"1,079",635,18,5,10,0,12,"1,759"
Weymouth,-,9,"1,122",797,28,5,6,0,9,"1,967"
Weymouth,-,10,848,509,17,5,5,0,11,"1,395"
Weymouth,-,11,"1,042",703,29,6,11,0,11,"1,802"
Weymouth,-,12,"1,096",737,29,16,13,0,9,"1,900"
Weymouth,-,13,939,504,17,12,3,0,6,"1,481"
Weymouth,-,14,"1,025",557,22,6,12,0,7,"1,629"
Weymouth,-,15,"1,174",803,30,8,8,0,14,"2,037"
Weymouth,-,16,"1,158",799,25,5,12,0,16,"2,015"
Weymouth,-,17,955,548,15,5,8,0,7,"1,538"
Weymouth,-,18,"1,844","1,048",36,12,11,0,21,"2,972"
Whately,-,1,745,332,16,10,4,0,9,"1,116"
Whitman,-,1,"1,307","1,055",40,11,13,0,13,"2,439"
Whitman,-,2,"1,070",992,39,11,14,0,5,"2,131"
Whitman,-,3,"1,029",974,39,7,14,0,13,"2,076"
Whitman,-,4,"1,090",861,35,16,12,0,19,"2,033"
Wilbraham,-,A,"1,300","1,056",35,13,4,0,14,"2,422"
Wilbraham,-,B,"1,247",998,30,8,11,0,17,"2,311"
Wilbraham,-,C,"1,139","1,119",29,11,10,0,12,"2,320"
Wilbraham,-,D,"1,242","1,089",41,9,6,0,12,"2,399"
Williamsburg,-,1,"1,446",337,21,13,5,0,13,"1,835"
Williamstown,-,1,"1,294",225,13,5,5,0,9,"1,551"
Williamstown,-,2,575,49,4,6,3,0,5,642
Williamstown,-,3,"1,327",225,12,6,8,0,6,"1,584"
Wilmington,-,1,"1,320","1,029",29,9,14,0,26,"2,427"
Wilmington,-,2,"1,255","1,020",33,13,12,0,17,"2,350"
Wilmington,-,3,"1,288","1,067",39,14,16,0,18,"2,442"
Wilmington,-,4,"1,359","1,127",34,9,6,0,15,"2,550"
Wilmington,-,5,"1,391","1,124",26,15,5,0,16,"2,577"
Wilmington,-,6,"1,414","1,081",37,9,11,0,18,"2,570"
Winchendon,-,1,494,689,43,10,7,0,6,"1,249"
Winchendon,-,1A,184,168,9,4,0,0,6,371
Winchendon,-,2,835,901,31,18,0,0,8,"1,793"
Winchendon,-,3,800,903,41,15,0,0,16,"1,775"
Winchester,-,1,"1,315",409,23,15,12,0,14,"1,788"
Winchester,-,2,"1,114",408,24,6,11,0,8,"1,571"
Winchester,-,3,"1,482",361,23,5,17,0,13,"1,901"
Winchester,-,4,"1,314",515,28,5,14,0,15,"1,891"
Winchester,-,5,"1,169",599,22,9,11,0,11,"1,821"
Winchester,-,6,"1,170",570,18,4,12,0,17,"1,791"
Winchester,-,7,"1,301",454,41,8,17,0,13,"1,834"
Winchester,-,8,912,420,21,5,6,0,11,"1,375"
Windsor,-,1,370,201,4,3,1,0,2,581
Winthrop,-,1,"1,013",760,16,9,4,0,3,"1,805"
Winthrop,-,2,966,693,21,9,6,0,7,"1,702"
Winthrop,-,3,"1,104",552,21,10,8,0,6,"1,701"
Winthrop,-,4,939,556,8,4,2,0,10,"1,519"
Winthrop,-,5,"1,134",645,20,6,8,0,15,"1,828"
Winthrop,-,6,"1,134",564,19,15,6,0,8,"1,746"
Woburn,1,1,854,452,11,6,5,0,6,"1,334"
Woburn,1,2,"1,016",556,9,8,5,0,15,"1,609"
Woburn,2,1,931,560,21,7,4,0,12,"1,535"
Woburn,2,2,796,372,18,8,1,0,11,"1,206"
Woburn,3,1,900,596,16,6,7,0,3,"1,528"
Woburn,3,2,"1,087",757,26,5,6,0,19,"1,900"
Woburn,4,1,"1,022",743,24,6,3,0,20,"1,818"
Woburn,4,2,900,502,20,9,2,0,15,"1,448"
Woburn,5,1,"1,257",583,23,7,5,0,20,"1,895"
Woburn,5,2,"1,041",721,14,3,4,0,19,"1,802"
Woburn,6,1,729,359,10,2,3,0,8,"1,111"
Woburn,6,2,959,703,18,11,2,0,12,"1,705"
Woburn,7,1,"1,025",834,24,5,6,0,18,"1,912"
Woburn,7,2,"1,013",745,21,6,8,0,15,"1,808"
Worcester,1,1,"1,523",744,31,10,13,0,25,"2,346"
Worcester,1,2,"1,533",836,28,8,9,0,17,"2,431"
Worcester,1,3,853,408,13,6,10,0,7,"1,297"
Worcester,1,4,"1,702",569,21,20,15,0,14,"2,341"
Worcester,1,5,"1,310",709,33,9,13,0,10,"2,084"
Worcester,2,1,"1,413",663,35,5,10,0,24,"2,150"
Worcester,2,2,"1,398",613,40,4,15,0,12,"2,082"
Worcester,2,3,"1,297",590,23,9,9,0,9,"1,937"
Worcester,2,4,"1,202",366,9,3,6,0,13,"1,599"
Worcester,2,5,580,218,11,3,0,0,2,814
Worcester,3,1,"1,077",401,15,18,8,0,13,"1,532"
Worcester,3,2,369,83,11,5,4,0,3,475
Worcester,3,3,929,380,12,13,6,0,14,"1,354"
Worcester,3,4,720,258,12,10,9,0,19,"1,028"
Worcester,3,5,"1,099",389,14,9,7,0,26,"1,544"
Worcester,4,1,703,250,7,5,7,0,6,978
Worcester,4,2,872,404,15,6,4,0,15,"1,316"
Worcester,4,3,912,255,19,13,4,0,13,"1,216"
Worcester,4,4,886,470,16,5,5,0,12,"1,394"
Worcester,4,5,"1,144",492,18,15,5,0,11,"1,685"
Worcester,5,1,877,312,13,5,2,0,9,"1,218"
Worcester,5,2,"1,103",577,20,7,6,0,21,"1,734"
Worcester,5,3,"1,268",798,30,6,2,0,12,"2,116"
Worcester,5,4,"1,162",591,22,15,7,0,10,"1,807"
Worcester,5,5,"1,050",660,26,15,10,0,19,"1,780"
Worcester,6,1,625,188,7,11,4,0,6,841
Worcester,6,2,816,331,9,8,4,0,12,"1,180"
Worcester,6,3,831,335,18,6,4,0,4,"1,198"
Worcester,6,4,375,182,11,3,4,0,3,578
Worcester,6,5,992,544,16,4,4,0,15,"1,575"
Worcester,7,1,"1,160",482,11,14,9,0,18,"1,694"
Worcester,7,2,782,376,12,5,6,0,13,"1,194"
Worcester,7,3,"1,118",529,18,9,7,0,22,"1,703"
Worcester,7,4,996,553,24,12,8,0,7,"1,600"
Worcester,7,5,"1,038",650,23,13,11,0,10,"1,745"
Worcester,8,1,571,255,5,9,4,0,10,854
Worcester,8,2,553,240,5,6,1,0,4,809
Worcester,8,3,478,107,7,9,2,0,4,607
Worcester,8,4,715,301,7,7,3,0,16,"1,049"
Worcester,8,5,688,308,15,6,2,0,8,"1,027"
Worcester,9,1,"1,281",427,23,17,6,0,17,"1,771"
Worcester,9,2,"1,512",490,22,16,16,0,24,"2,080"
Worcester,9,3,"1,008",476,12,8,5,0,13,"1,522"
Worcester,9,4,"1,393",633,18,15,8,0,26,"2,093"
Worcester,9,5,"1,413",654,27,13,16,0,19,"2,142"
Worcester,10,1,675,244,5,7,4,0,9,944
Worcester,10,2,777,175,17,13,4,0,6,992
Worcester,10,3,645,194,11,13,5,0,9,877
Worcester,10,4,525,214,3,8,3,0,10,763
Worcester,10,5,635,245,10,3,2,0,5,900
Worthington,-,1,571,271,17,9,2,0,6,876
Wrentham,-,1,"1,426","1,140",36,13,21,0,13,"2,649"
Wrentham,-,2,"1,352","1,128",48,11,34,0,16,"2,589"
Wrentham,-,3,"1,469","1,051",48,10,20,0,21,"2,619"
Yarmouth,-,1,"1,488",884,28,6,8,0,14,"2,428"
Yarmouth,-,2,"1,455",905,32,5,5,0,15,"2,417"
Yarmouth,-,3,"1,145",672,29,13,9,0,8,"1,876"
Yarmouth,-,4,"1,220",867,22,19,6,0,14,"2,148"
Yarmouth,-,5,"1,100",848,28,8,1,0,19,"2,004"
Yarmouth,-,6,"1,145",758,16,11,11,0,18,"1,959"
Yarmouth,-,7,"1,596","1,059",35,7,11,0,22,"2,730"
TOTALS,,,"2,382,202","1,167,202","47,013","18,658","16,327",0,"26,603","3,658,005"
